product_id,firm_id,city,year,quarter,share,price,sugar,mushy
1004,1,1,88,1,0.012417212,0.072087944,2,1
1006,1,1,88,1,0.007809387,0.11417849,18,1
1007,1,1,88,1,0.012994511,0.13239066,4,1
1009,1,1,88,1,0.005769961,0.13034408,3,0
1011,1,1,88,1,0.017934141,0.15482331,12,0
1013,1,1,88,1,0.026601892,0.13704921,14,0
1017,1,1,88,1,0.025014766,0.14420936,3,1
1030,1,1,88,1,0.00505805,0.12819085,4,0
1045,1,1,88,1,0.005331765,0.14961074,14,0
2005,2,1,88,1,0.038067798,0.10851394,1,0
2008,2,1,88,1,0.008347721,0.13228658,11,0
2015,2,1,88,1,0.006596185,0.11208285,4,1
2016,2,1,88,1,0.030117432,0.11526257,3,1
2019,2,1,88,1,0.10004577,0.11087895,13,0
2026,2,1,88,1,0.01323389,0.12810806,13,0
2028,2,1,88,1,0.023642543,0.17482731,16,1
2040,2,1,88,1,0.008661958,0.13363731,10,0
2048,2,1,88,1,0.002699481,0.14741729,3,0
3006,3,1,88,1,0.018943045,0.10980325,20,1
3014,3,1,88,1,0.01084592,0.13695975,7,0
4002,4,1,88,1,0.007849896,0.17512687,14,0
4010,4,1,88,1,0.000731731,0.13566981,6,0
4012,4,1,88,1,0.009490477,0.13517243,12,0
6018,6,1,88,1,0.046569943,0.14282341,0,0
1004,1,3,88,1,0.002596455,0.080569674,2,1
1006,1,3,88,1,0.076962671,0.10581852,18,1
1007,1,3,88,1,0.026424878,0.11992618,4,1
1009,1,3,88,1,0.001603165,0.10178514,3,0
1011,1,3,88,1,0.003951556,0.20151993,12,0
1013,1,3,88,1,0.01240622,0.14597242,14,0
1017,1,3,88,1,0.004583609,0.13725153,3,1
1030,1,3,88,1,0.006171434,0.12448752,4,0
1045,1,3,88,1,0.028987167,0.10138927,14,0
2005,2,3,88,1,0.024340213,0.10555494,1,0
2008,2,3,88,1,0.032212443,0.12446037,11,0
2015,2,3,88,1,0.003593023,0.10935875,4,1
2016,2,3,88,1,0.042790459,0.12619276,3,1
2019,2,3,88,1,0.005036872,0.11909179,13,0
2026,2,3,88,1,0.022667208,0.11073154,13,0
2028,2,3,88,1,0.054034478,0.14010658,16,1
2040,2,3,88,1,0.001144077,0.12712556,10,0
2048,2,3,88,1,0.002203484,0.14183291,3,0
3006,3,3,88,1,0.003243002,0.1455539,20,1
3014,3,3,88,1,0.015988527,0.18011969,7,0
4002,4,3,88,1,0.008164511,0.1413346,14,0
4010,4,3,88,1,0.00643678,0.10202795,6,0
4012,4,3,88,1,0.027148813,0.082049328,12,0
6018,6,3,88,1,0.002128396,0.1469524,0,0
1004,1,4,88,1,0.001614857,0.079872872,2,1
1006,1,4,88,1,0.013691136,0.13603003,18,1
1007,1,4,88,1,0.008068834,0.11667133,4,1
1009,1,4,88,1,0.023214766,0.097505872,3,0
1011,1,4,88,1,0.10528046,0.14330366,12,0
1013,1,4,88,1,0.10408432,0.1038031,14,0
1017,1,4,88,1,0.027772503,0.12257928,3,1
1030,1,4,88,1,0.004942296,0.11775147,4,0
1045,1,4,88,1,0.022149116,0.1014659,14,0
2005,2,4,88,1,0.008620993,0.12302415,1,0
2008,2,4,88,1,0.018973561,0.11396909,11,0
2015,2,4,88,1,0.004134841,0.10343433,4,1
2016,2,4,88,1,0.023049213,0.13460786,3,1
2019,2,4,88,1,0.007240217,0.13521846,13,0
2026,2,4,88,1,0.046323408,0.12119156,13,0
2028,2,4,88,1,0.005387796,0.17149303,16,1
2040,2,4,88,1,0.010260027,0.11676892,10,0
2048,2,4,88,1,0.010603424,0.12875397,3,0
3006,3,4,88,1,0.013104239,0.13950752,20,1
3014,3,4,88,1,0.14667307,0.095878635,7,0
4002,4,4,88,1,0.014202919,0.14748958,14,0
4010,4,4,88,1,0.017689694,0.091444638,6,0
4012,4,4,88,1,0.02473704,0.10208255,12,0
6018,6,4,88,1,0.006766046,0.15350795,0,0
1004,1,5,88,1,0.00162576,0.10356386,2,1
1006,1,5,88,1,0.034929121,0.10376182,18,1
1007,1,5,88,1,0.001587651,0.13983321,4,1
1009,1,5,88,1,0.021592492,0.068478045,3,0
1011,1,5,88,1,0.030860482,0.18041052,12,0
1013,1,5,88,1,0.01132459,0.14900863,14,0
1017,1,5,88,1,0.04187873,0.1102122,3,1
1030,1,5,88,1,0.005684485,0.11520627,4,0
1045,1,5,88,1,0.010696717,0.13932531,14,0
2005,2,5,88,1,0.022578514,0.12951589,1,0
2008,2,5,88,1,0.068566423,0.097605893,11,0
2015,2,5,88,1,0.001033766,0.10533156,4,1
2016,2,5,88,1,0.013231486,0.13751357,3,1
2019,2,5,88,1,0.01555819,0.12788534,13,0
2026,2,5,88,1,0.013217539,0.10956318,13,0
2028,2,5,88,1,0.009408647,0.19033102,16,1
2040,2,5,88,1,0.007889156,0.14559383,10,0
2048,2,5,88,1,0.00977143,0.097300161,3,0
3006,3,5,88,1,0.015416211,0.13449936,20,1
3014,3,5,88,1,0.028194105,0.1359011,7,0
4002,4,5,88,1,0.013362553,0.13532647,14,0
4010,4,5,88,1,0.003087785,0.11243124,6,0
4012,4,5,88,1,0.038453944,0.085088303,12,0
6018,6,5,88,1,0.004376939,0.14011416,0,0
1004,1,7,88,1,0.030436156,0.074044796,2,1
1006,1,7,88,1,0.036776956,0.11616856,18,1
1007,1,7,88,1,0.008003826,0.12430066,4,1
1009,1,7,88,1,0.009904489,0.11537604,3,0
1011,1,7,88,1,0.019817644,0.16166368,12,0
1013,1,7,88,1,0.004539955,0.11280127,14,0
1017,1,7,88,1,0.083069215,0.10327086,3,1
1030,1,7,88,1,0.014325497,0.10087143,4,0
1045,1,7,88,1,0.011668904,0.12975805,14,0
2005,2,7,88,1,0.082068736,0.098951688,1,0
2008,2,7,88,1,0.09284951,0.074934933,11,0
2015,2,7,88,1,0.000931396,0.12929387,4,1
2016,2,7,88,1,0.018097882,0.12096178,3,1
2019,2,7,88,1,0.005674648,0.14929807,13,0
2026,2,7,88,1,0.004067901,0.14966272,13,0
2028,2,7,88,1,0.004737074,0.1916648,16,1
2040,2,7,88,1,0.006190504,0.17103268,10,0
2048,2,7,88,1,0.006178187,0.13683187,3,0
3006,3,7,88,1,0.012495077,0.083023272,20,1
3014,3,7,88,1,0.028089986,0.14456965,7,0
4002,4,7,88,1,0.00766583,0.14225923,14,0
4010,4,7,88,1,0.005094451,0.092872271,6,0
4012,4,7,88,1,0.041812871,0.07448726,12,0
6018,6,7,88,1,0.060123946,0.12925281,0,0
1004,1,8,88,1,0.002740977,0.1052256,2,1
1006,1,8,88,1,0.05954604,0.11134918,18,1
1007,1,8,88,1,0.005767624,0.10668833,4,1
1009,1,8,88,1,0.008838686,0.090519056,3,0
1011,1,8,88,1,0.076376019,0.13464303,12,0
1013,1,8,88,1,0.006436633,0.12463231,14,0
1017,1,8,88,1,0.001855886,0.14409877,3,1
1030,1,8,88,1,0.005421404,0.14886003,4,0
1045,1,8,88,1,0.010089596,0.12332219,14,0
2005,2,8,88,1,0.007958045,0.12611783,1,0
2008,2,8,88,1,0.018025285,0.13867717,11,0
2015,2,8,88,1,0.005155453,0.086708977,4,1
2016,2,8,88,1,0.004085355,0.14797669,3,1
2019,2,8,88,1,0.056818922,0.11137969,13,0
2026,2,8,88,1,0.011529972,0.152116,13,0
2028,2,8,88,1,0.02350158,0.22572767,16,1
2040,2,8,88,1,0.004031366,0.16896886,10,0
2048,2,8,88,1,0.001318311,0.14808224,3,0
3006,3,8,88,1,0.003081465,0.14734146,20,1
3014,3,8,88,1,0.008965279,0.16781086,7,0
4002,4,8,88,1,0.007975668,0.16488585,14,0
4010,4,8,88,1,0.006705712,0.07379829,6,0
4012,4,8,88,1,0.034905726,0.086936363,12,0
6018,6,8,88,1,0.049717575,0.12594937,0,0
1004,1,11,88,1,0.002637725,0.11040233,2,1
1006,1,11,88,1,0.019740391,0.1089133,18,1
1007,1,11,88,1,0.012036282,0.12671053,4,1
1009,1,11,88,1,0.015227539,0.11979547,3,0
1011,1,11,88,1,0.021278171,0.16958303,12,0
1013,1,11,88,1,0.008786977,0.1195582,14,0
1017,1,11,88,1,0.006094848,0.15605264,3,1
1030,1,11,88,1,0.010830608,0.11502919,4,0
1045,1,11,88,1,0.007794883,0.15265579,14,0
2005,2,11,88,1,0.043366747,0.090978157,1,0
2008,2,11,88,1,0.020382366,0.1149046,11,0
2015,2,11,88,1,0.007187415,0.080059813,4,1
2016,2,11,88,1,0.020310232,0.13895075,3,1
2019,2,11,88,1,0.095447317,0.10533364,13,0
2026,2,11,88,1,0.004818147,0.1626689,13,0
2028,2,11,88,1,0.00648088,0.18565847,16,1
2040,2,11,88,1,0.010258953,0.12455482,10,0
2048,2,11,88,1,0.002148719,0.14187696,3,0
3006,3,11,88,1,0.024147083,0.1102429,20,1
3014,3,11,88,1,0.065909228,0.097095298,7,0
4002,4,11,88,1,0.015111212,0.17125059,14,0
4010,4,11,88,1,0.03992436,0.068844833,6,0
4012,4,11,88,1,0.012462457,0.1118538,12,0
6018,6,11,88,1,0.003709377,0.13585444,0,0
1004,1,12,88,1,0.002217509,0.09871544,2,1
1006,1,12,88,1,0.10228138,0.11082542,18,1
1007,1,12,88,1,0.025712699,0.10490888,4,1
1009,1,12,88,1,0.004734852,0.084071906,3,0
1011,1,12,88,1,0.043626707,0.15670568,12,0
1013,1,12,88,1,0.027182804,0.086497117,14,0
1017,1,12,88,1,0.001392403,0.14696628,3,1
1030,1,12,88,1,0.000969357,0.14695216,4,0
1045,1,12,88,1,0.009887716,0.12783717,14,0
2005,2,12,88,1,0.005871637,0.13776753,1,0
2008,2,12,88,1,0.032035087,0.098486772,11,0
2015,2,12,88,1,0.000986578,0.11484776,4,1
2016,2,12,88,1,0.003603416,0.15135579,3,1
2019,2,12,88,1,0.016290499,0.12632194,13,0
2026,2,12,88,1,0.026325435,0.13084845,13,0
2028,2,12,88,1,0.048476898,0.20395081,16,1
2040,2,12,88,1,0.001487653,0.13226342,10,0
2048,2,12,88,1,0.002829538,0.11324921,3,0
3006,3,12,88,1,0.031864345,0.11732054,20,1
3014,3,12,88,1,0.010437719,0.15253622,7,0
4002,4,12,88,1,0.01624421,0.10364941,14,0
4010,4,12,88,1,0.008630343,0.10051733,6,0
4012,4,12,88,1,0.027195768,0.12576939,12,0
6018,6,12,88,1,0.011852303,0.14638792,0,0
1004,1,13,88,1,0.01331704,0.10889719,2,1
1006,1,13,88,1,0.061966584,0.10565854,18,1
1007,1,13,88,1,0.068444747,0.11137971,4,1
1009,1,13,88,1,0.00385607,0.12978231,3,0
1011,1,13,88,1,0.023234873,0.1581101,12,0
1013,1,13,88,1,0.015354187,0.12834482,14,0
1017,1,13,88,1,0.027138733,0.12751563,3,1
1030,1,13,88,1,0.005280535,0.10344181,4,0
1045,1,13,88,1,0.017921568,0.12684705,14,0
2005,2,13,88,1,0.011573505,0.12327445,1,0
2008,2,13,88,1,0.052802037,0.10087704,11,0
2015,2,13,88,1,0.00109031,0.10931219,4,1
2016,2,13,88,1,0.016603065,0.13535564,3,1
2019,2,13,88,1,0.00207715,0.1410051,13,0
2026,2,13,88,1,0.008797716,0.14430042,13,0
2028,2,13,88,1,0.031799502,0.17695425,16,1
2040,2,13,88,1,0.006304701,0.1181154,10,0
2048,2,13,88,1,0.015791954,0.12441771,3,0
3006,3,13,88,1,0.005272291,0.14513553,20,1
3014,3,13,88,1,0.004389939,0.13681515,7,0
4002,4,13,88,1,0.001630966,0.19979486,14,0
4010,4,13,88,1,0.021821747,0.095141306,6,0
4012,4,13,88,1,0.009650769,0.12341248,12,0
6018,6,13,88,1,0.024951342,0.12759023,0,0
1004,1,14,88,1,0.012947,0.07761555,2,1
1006,1,14,88,1,0.003473874,0.12870646,18,1
1007,1,14,88,1,0.003505146,0.13521782,4,1
1009,1,14,88,1,0.015239916,0.073227396,3,0
1011,1,14,88,1,0.061589539,0.12072004,12,0
1013,1,14,88,1,0.016896089,0.11807591,14,0
1017,1,14,88,1,0.021284195,0.13581946,3,1
1030,1,14,88,1,0.005267594,0.12696283,4,0
1045,1,14,88,1,0.015998979,0.13995566,14,0
2005,2,14,88,1,0.024760013,0.092266615,1,0
2008,2,14,88,1,0.023090965,0.10865489,11,0
2015,2,14,88,1,0.001530547,0.1007883,4,1
2016,2,14,88,1,0.018424304,0.13699681,3,1
2019,2,14,88,1,0.009214184,0.13060282,13,0
2026,2,14,88,1,0.027229378,0.12463409,13,0
2028,2,14,88,1,0.036048174,0.17434567,16,1
2040,2,14,88,1,0.002553182,0.14986975,10,0
2048,2,14,88,1,0.023135554,0.099261261,3,0
3006,3,14,88,1,0.094075611,0.11953034,20,1
3014,3,14,88,1,0.074589598,0.11428463,7,0
4002,4,14,88,1,0.012690947,0.15289816,14,0
4010,4,14,88,1,0.013660936,0.10298856,6,0
4012,4,14,88,1,0.009899995,0.12067235,12,0
6018,6,14,88,1,0.0034975,0.14567041,0,0
1004,1,15,88,1,0.006170328,0.096144374,2,1
1006,1,15,88,1,0.075055074,0.05941725,18,1
1007,1,15,88,1,0.015005026,0.099613402,4,1
1009,1,15,88,1,0.012613612,0.11515098,3,0
1011,1,15,88,1,0.10365394,0.16310002,12,0
1013,1,15,88,1,0.012649605,0.10079627,14,0
1017,1,15,88,1,0.004035832,0.14864772,3,1
1030,1,15,88,1,0.003995244,0.10216234,4,0
1045,1,15,88,1,0.017578586,0.103208,14,0
2005,2,15,88,1,0.003908437,0.1017186,1,0
2008,2,15,88,1,0.026812195,0.11027946,11,0
2015,2,15,88,1,0.000983837,0.13452799,4,1
2016,2,15,88,1,0.049851503,0.10165475,3,1
2019,2,15,88,1,0.029382253,0.11222433,13,0
2026,2,15,88,1,0.002998533,0.16247565,13,0
2028,2,15,88,1,0.022273994,0.14714705,16,1
2040,2,15,88,1,0.00070308,0.14046524,10,0
2048,2,15,88,1,0.000859324,0.12409022,3,0
3006,3,15,88,1,0.013788384,0.081089507,20,1
3014,3,15,88,1,0.01364983,0.14276002,7,0
4002,4,15,88,1,0.006201854,0.14563368,14,0
4010,4,15,88,1,0.001332968,0.10250988,6,0
4012,4,15,88,1,0.016462108,0.11167354,12,0
6018,6,15,88,1,0.005987839,0.13096103,0,0
1004,1,16,88,1,0.011334721,0.085779198,2,1
1006,1,16,88,1,0.023610393,0.12073579,18,1
1007,1,16,88,1,0.016163404,0.1202434,4,1
1009,1,16,88,1,0.053734361,0.069236911,3,0
1011,1,16,88,1,0.017638589,0.18413297,12,0
1013,1,16,88,1,0.004148179,0.12371378,14,0
1017,1,16,88,1,0.054584413,0.070536781,3,1
1030,1,16,88,1,0.011385669,0.11488451,4,0
1045,1,16,88,1,0.005260944,0.10675282,14,0
2005,2,16,88,1,0.036730976,0.099486321,1,0
2008,2,16,88,1,0.008233533,0.11588279,11,0
2015,2,16,88,1,0.002333618,0.10090647,4,1
2016,2,16,88,1,0.025483958,0.1124026,3,1
2019,2,16,88,1,0.014559334,0.10815621,13,0
2026,2,16,88,1,0.022498078,0.12050475,13,0
2028,2,16,88,1,0.080861449,0.12574677,16,1
2040,2,16,88,1,0.021113033,0.10802952,10,0
2048,2,16,88,1,0.013205223,0.095638331,3,0
3006,3,16,88,1,0.006073672,0.10654536,20,1
3014,3,16,88,1,0.039849342,0.12233893,7,0
4002,4,16,88,1,0.007602843,0.17244749,14,0
4010,4,16,88,1,0.019185,0.079665172,6,0
4012,4,16,88,1,0.02568055,0.097906507,12,0
6018,6,16,88,1,0.060451881,0.12872614,0,0
1004,1,18,88,1,0.007596027,0.08126601,2,1
1006,1,18,88,1,0.025726171,0.11504885,18,1
1007,1,18,88,1,0.040573097,0.089023611,4,1
1009,1,18,88,1,0.005742861,0.10922361,3,0
1011,1,18,88,1,0.21300714,0.15289617,12,0
1013,1,18,88,1,0.010266678,0.1207162,14,0
1017,1,18,88,1,0.003440319,0.13071559,3,1
1030,1,18,88,1,0.02050497,0.12730691,4,0
1045,1,18,88,1,0.0049094,0.14326212,14,0
2005,2,18,88,1,0.00911673,0.12063297,1,0
2008,2,18,88,1,0.019710573,0.11943184,11,0
2015,2,18,88,1,0.010097698,0.10441518,4,1
2016,2,18,88,1,0.016610716,0.11684787,3,1
2019,2,18,88,1,0.012652455,0.11813949,13,0
2026,2,18,88,1,0.007358158,0.14059677,13,0
2028,2,18,88,1,0.00899329,0.16105927,16,1
2040,2,18,88,1,0.030541253,0.091017158,10,0
2048,2,18,88,1,0.03003764,0.07617887,3,0
3006,3,18,88,1,0.019719872,0.11439566,20,1
3014,3,18,88,1,0.005138511,0.15973494,7,0
4002,4,18,88,1,0.005264294,0.15279,14,0
4010,4,18,88,1,0.013858868,0.084410661,6,0
4012,4,18,88,1,0.009017471,0.11371816,12,0
6018,6,18,88,1,0.03586911,0.15354106,0,0
1004,1,20,88,1,0.002021734,0.10362674,2,1
1006,1,20,88,1,0.090686863,0.1267415,18,1
1007,1,20,88,1,0.082099268,0.08768585,4,1
1009,1,20,88,1,0.00291527,0.090236724,3,0
1011,1,20,88,1,0.014817955,0.14362503,12,0
1013,1,20,88,1,0.00944638,0.11887563,14,0
1017,1,20,88,1,0.005863988,0.12986874,3,1
1030,1,20,88,1,0.016198759,0.088049972,4,0
1045,1,20,88,1,0.025109271,0.10427012,14,0
2005,2,20,88,1,0.006680524,0.13023822,1,0
2008,2,20,88,1,0.014345856,0.096810416,11,0
2015,2,20,88,1,0.001223787,0.11717756,4,1
2016,2,20,88,1,0.012874005,0.12948709,3,1
2019,2,20,88,1,0.007446834,0.14472968,13,0
2026,2,20,88,1,0.051635819,0.11010033,13,0
2028,2,20,88,1,0.008587319,0.21560512,16,1
2040,2,20,88,1,0.001211538,0.12189481,10,0
2048,2,20,88,1,0.00640967,0.13047747,3,0
3006,3,20,88,1,0.012176163,0.14272545,20,1
3014,3,20,88,1,0.036705348,0.13310305,7,0
4002,4,20,88,1,0.089571368,0.11231069,14,0
4010,4,20,88,1,0.006888387,0.10327599,6,0
4012,4,20,88,1,0.004227313,0.1217441,12,0
6018,6,20,88,1,0.006341226,0.15006491,0,0
1004,1,23,88,1,0.00109738,0.094182677,2,1
1006,1,23,88,1,0.035670579,0.11896282,18,1
1007,1,23,88,1,0.045565855,0.093158252,4,1
1009,1,23,88,1,0.006319562,0.1080883,3,0
1011,1,23,88,1,0.048571645,0.136386,12,0
1013,1,23,88,1,0.008909763,0.11216881,14,0
1017,1,23,88,1,0.041464213,0.09793363,3,1
1030,1,23,88,1,0.014389908,0.10835536,4,0
1045,1,23,88,1,0.004306768,0.13986496,14,0
2005,2,23,88,1,0.013808534,0.12409111,1,0
2008,2,23,88,1,0.018643191,0.11145111,11,0
2015,2,23,88,1,0.003650299,0.10643542,4,1
2016,2,23,88,1,0.033505123,0.10156419,3,1
2019,2,23,88,1,0.085556272,0.092593805,13,0
2026,2,23,88,1,0.015709069,0.14042234,13,0
2028,2,23,88,1,0.042302181,0.18784601,16,1
2040,2,23,88,1,0.003188573,0.12821419,10,0
2048,2,23,88,1,0.003459567,0.11301356,3,0
3006,3,23,88,1,0.037181865,0.10784396,20,1
3014,3,23,88,1,0.060415477,0.10691161,7,0
4002,4,23,88,1,0.008221528,0.14478275,14,0
4010,4,23,88,1,0.006405081,0.10104931,6,0
4012,4,23,88,1,0.004469882,0.087707262,12,0
6018,6,23,88,1,0.031581056,0.14277135,0,0
1004,1,24,88,1,0.003320397,0.061990478,2,1
1006,1,24,88,1,0.007715818,0.13329328,18,1
1007,1,24,88,1,0.017360189,0.12428928,4,1
1009,1,24,88,1,0.008942285,0.065295497,3,0
1011,1,24,88,1,0.01263265,0.18317793,12,0
1013,1,24,88,1,0.010751136,0.11710813,14,0
1017,1,24,88,1,0.017378462,0.13422592,3,1
1030,1,24,88,1,0.004858632,0.11058925,4,0
1045,1,24,88,1,0.007341513,0.093920231,14,0
2005,2,24,88,1,0.003960157,0.11553296,1,0
2008,2,24,88,1,0.051153289,0.11424221,11,0
2015,2,24,88,1,0.006620698,0.11191637,4,1
2016,2,24,88,1,0.05139272,0.12056437,3,1
2019,2,24,88,1,0.002926665,0.13311288,13,0
2026,2,24,88,1,0.005359666,0.1534336,13,0
2028,2,24,88,1,0.005723062,0.20933146,16,1
2040,2,24,88,1,0.00866309,0.1027683,10,0
2048,2,24,88,1,0.00184498,0.11946162,3,0
3006,3,24,88,1,0.027109893,0.062741338,20,1
3014,3,24,88,1,0.00756483,0.14409506,7,0
4002,4,24,88,1,0.051364638,0.12670817,14,0
4010,4,24,88,1,0.015000048,0.11663116,6,0
4012,4,24,88,1,0.015029307,0.098461141,12,0
6018,6,24,88,1,0.001652669,0.16588079,0,0
1004,1,25,88,1,0.002065942,0.092563402,2,1
1006,1,25,88,1,0.010356024,0.1401043,18,1
1007,1,25,88,1,0.029818633,0.10172469,4,1
1009,1,25,88,1,0.013912164,0.087811241,3,0
1011,1,25,88,1,0.004162347,0.21303797,12,0
1013,1,25,88,1,0.008693659,0.12717675,14,0
1017,1,25,88,1,0.01016085,0.12812265,3,1
1030,1,25,88,1,0.001721953,0.15322822,4,0
1045,1,25,88,1,0.005971233,0.15360961,14,0
2005,2,25,88,1,0.001104463,0.13387881,1,0
2008,2,25,88,1,0.019398036,0.10958668,11,0
2015,2,25,88,1,0.001736585,0.10430236,4,1
2016,2,25,88,1,0.0045509,0.12287613,3,1
2019,2,25,88,1,0.006906502,0.11493644,13,0
2026,2,25,88,1,0.007273333,0.15166273,13,0
2028,2,25,88,1,0.006823015,0.18878968,16,1
2040,2,25,88,1,0.005385289,0.11160632,10,0
2048,2,25,88,1,0.002080294,0.13426494,3,0
3006,3,25,88,1,0.057127713,0.11727612,20,1
3014,3,25,88,1,0.027835878,0.11784419,7,0
4002,4,25,88,1,0.013319505,0.13643909,14,0
4010,4,25,88,1,0.016890768,0.088375993,6,0
4012,4,25,88,1,0.012530997,0.1277219,12,0
6018,6,25,88,1,0.003460619,0.15049747,0,0
1004,1,26,88,1,0.005689122,0.1006588,2,1
1006,1,26,88,1,0.011766012,0.13844482,18,1
1007,1,26,88,1,0.024052533,0.1164474,4,1
1009,1,26,88,1,0.012011346,0.11475871,3,0
1011,1,26,88,1,0.050877906,0.18217664,12,0
1013,1,26,88,1,0.018178536,0.10191916,14,0
1017,1,26,88,1,0.064490508,0.10652499,3,1
1030,1,26,88,1,0.009700174,0.12877583,4,0
1045,1,26,88,1,0.002103951,0.1328087,14,0
2005,2,26,88,1,0.012659038,0.15171458,1,0
2008,2,26,88,1,0.036800879,0.13656262,11,0
2015,2,26,88,1,0.005106533,0.10261594,4,1
2016,2,26,88,1,0.035602775,0.1399613,3,1
2019,2,26,88,1,0.05293849,0.1236643,13,0
2026,2,26,88,1,0.011389105,0.12640893,13,0
2028,2,26,88,1,0.004240608,0.17169136,16,1
2040,2,26,88,1,0.009884989,0.16325184,10,0
2048,2,26,88,1,0.004111965,0.14993184,3,0
3006,3,26,88,1,0.020380537,0.1165931,20,1
3014,3,26,88,1,0.006531092,0.17729052,7,0
4002,4,26,88,1,0.002101722,0.18316943,14,0
4010,4,26,88,1,0.013961715,0.094378825,6,0
4012,4,26,88,1,0.009664477,0.092997463,12,0
6018,6,26,88,1,0.005481643,0.14900273,0,0
1004,1,27,88,1,0.002390845,0.11898848,2,1
1006,1,27,88,1,0.056142327,0.10729617,18,1
1007,1,27,88,1,0.053974035,0.088968636,4,1
1009,1,27,88,1,0.005815264,0.087638228,3,0
1011,1,27,88,1,0.21534531,0.13860463,12,0
1013,1,27,88,1,0.022322555,0.10496461,14,0
1017,1,27,88,1,0.076672849,0.12104476,3,1
1030,1,27,88,1,0.001798061,0.13031019,4,0
1045,1,27,88,1,0.006237436,0.10691191,14,0
2005,2,27,88,1,0.022566701,0.095363426,1,0
2008,2,27,88,1,0.03949595,0.082525227,11,0
2015,2,27,88,1,0.003728075,0.081342271,4,1
2016,2,27,88,1,0.00797249,0.14126597,3,1
2019,2,27,88,1,0.001185583,0.13365871,13,0
2026,2,27,88,1,0.005171145,0.13658983,13,0
2028,2,27,88,1,0.021753645,0.17845522,16,1
2040,2,27,88,1,0.002310862,0.1444679,10,0
2048,2,27,88,1,0.001848298,0.1516882,3,0
3006,3,27,88,1,0.009566829,0.12303261,20,1
3014,3,27,88,1,0.017709668,0.14846206,7,0
4002,4,27,88,1,0.013088527,0.12726632,14,0
4010,4,27,88,1,0.005854016,0.08699963,6,0
4012,4,27,88,1,0.022587429,0.098391879,12,0
6018,6,27,88,1,0.002635258,0.17345175,0,0
1004,1,29,88,1,0.01888426,0.052766983,2,1
1006,1,29,88,1,0.018481782,0.10856331,18,1
1007,1,29,88,1,0.019309502,0.092132405,4,1
1009,1,29,88,1,0.044954903,0.062441184,3,0
1011,1,29,88,1,0.030404904,0.14989595,12,0
1013,1,29,88,1,0.036190351,0.10265393,14,0
1017,1,29,88,1,0.010500345,0.11279238,3,1
1030,1,29,88,1,0.009853061,0.093259513,4,0
1045,1,29,88,1,0.001878293,0.17847122,14,0
2005,2,29,88,1,0.002541553,0.1170194,1,0
2008,2,29,88,1,0.013908078,0.11883592,11,0
2015,2,29,88,1,0.011986098,0.088337129,4,1
2016,2,29,88,1,0.011877817,0.15084322,3,1
2019,2,29,88,1,0.010193959,0.12525165,13,0
2026,2,29,88,1,0.001808312,0.19444773,13,0
2028,2,29,88,1,0.030387409,0.17541587,16,1
2040,2,29,88,1,0.004305839,0.11927801,10,0
2048,2,29,88,1,0.001108046,0.14843636,3,0
3006,3,29,88,1,0.044284251,0.089973361,20,1
3014,3,29,88,1,0.022217981,0.16707628,7,0
4002,4,29,88,1,0.000716392,0.19222644,14,0
4010,4,29,88,1,0.005282428,0.11436448,6,0
4012,4,29,88,1,0.0066881,0.10302884,12,0
6018,6,29,88,1,0.021291709,0.13020456,0,0
1004,1,30,88,1,0.001099992,0.094068819,2,1
1006,1,30,88,1,0.016208084,0.13632301,18,1
1007,1,30,88,1,0.036563901,0.10240994,4,1
1009,1,30,88,1,0.042950622,0.059390403,3,0
1011,1,30,88,1,0.035371101,0.16885585,12,0
1013,1,30,88,1,0.010472549,0.1021335,14,0
1017,1,30,88,1,0.005707603,0.136423,3,1
1030,1,30,88,1,0.002262483,0.14686697,4,0
1045,1,30,88,1,0.006974383,0.149526,14,0
2005,2,30,88,1,0.011411759,0.13415187,1,0
2008,2,30,88,1,0.099816686,0.10708692,11,0
2015,2,30,88,1,0.012493547,0.079944139,4,1
2016,2,30,88,1,0.004559305,0.14544459,3,1
2019,2,30,88,1,0.004467447,0.15571612,13,0
2026,2,30,88,1,0.008552798,0.13873088,13,0
2028,2,30,88,1,0.015587074,0.20183164,16,1
2040,2,30,88,1,0.004454715,0.13463481,10,0
2048,2,30,88,1,0.010389803,0.10780258,3,0
3006,3,30,88,1,0.004488395,0.15019834,20,1
3014,3,30,88,1,0.029008292,0.13954828,7,0
4002,4,30,88,1,0.005591202,0.14572895,14,0
4010,4,30,88,1,0.014551473,0.10335199,6,0
4012,4,30,88,1,0.006087893,0.1054857,12,0
6018,6,30,88,1,0.015633286,0.12649204,0,0
1004,1,31,88,1,0.003774194,0.083486741,2,1
1006,1,31,88,1,0.008207432,0.15064574,18,1
1007,1,31,88,1,0.040113112,0.066823305,4,1
1009,1,31,88,1,0.020462973,0.11140218,3,0
1011,1,31,88,1,0.14955644,0.15737819,12,0
1013,1,31,88,1,0.021005696,0.12960471,14,0
1017,1,31,88,1,0.006442416,0.12630378,3,1
1030,1,31,88,1,0.002144098,0.12182522,4,0
1045,1,31,88,1,0.004915028,0.13026522,14,0
2005,2,31,88,1,0.002621778,0.13104605,1,0
2008,2,31,88,1,0.011904996,0.11145599,11,0
2015,2,31,88,1,0.000967114,0.1109505,4,1
2016,2,31,88,1,0.070543498,0.1143708,3,1
2019,2,31,88,1,0.016870162,0.13238432,13,0
2026,2,31,88,1,0.018863146,0.1201229,13,0
2028,2,31,88,1,0.009521322,0.17611721,16,1
2040,2,31,88,1,0.006753959,0.11075961,10,0
2048,2,31,88,1,0.005995163,0.12462766,3,0
3006,3,31,88,1,0.049573859,0.12864967,20,1
3014,3,31,88,1,0.028694517,0.12690948,7,0
4002,4,31,88,1,0.007512296,0.1970549,14,0
4010,4,31,88,1,0.014535438,0.081505593,6,0
4012,4,31,88,1,0.018329234,0.10528715,12,0
6018,6,31,88,1,0.046645259,0.10680489,0,0
1004,1,32,88,1,0.019071293,0.091630376,2,1
1006,1,32,88,1,0.00790295,0.15917588,18,1
1007,1,32,88,1,0.015775854,0.11130269,4,1
1009,1,32,88,1,0.008322353,0.10967014,3,0
1011,1,32,88,1,0.053990571,0.17518321,12,0
1013,1,32,88,1,0.024347711,0.13774947,14,0
1017,1,32,88,1,0.010343546,0.12398284,3,1
1030,1,32,88,1,0.014469498,0.11227244,4,0
1045,1,32,88,1,0.006545542,0.12403083,14,0
2005,2,32,88,1,0.004324176,0.15341253,1,0
2008,2,32,88,1,0.031940127,0.10140385,11,0
2015,2,32,88,1,0.009653438,0.10054331,4,1
2016,2,32,88,1,0.009382768,0.14649681,3,1
2019,2,32,88,1,0.00372116,0.11847801,13,0
2026,2,32,88,1,0.012495114,0.1286418,13,0
2028,2,32,88,1,0.05145195,0.15625204,16,1
2040,2,32,88,1,0.00254738,0.14523457,10,0
2048,2,32,88,1,0.005647654,0.1566535,3,0
3006,3,32,88,1,0.010947867,0.11666022,20,1
3014,3,32,88,1,0.042058159,0.13094889,7,0
4002,4,32,88,1,0.005967093,0.1516725,14,0
4010,4,32,88,1,0.001472206,0.10975716,6,0
4012,4,32,88,1,0.02982854,0.088853087,12,0
6018,6,32,88,1,0.001384317,0.16739515,0,0
1004,1,33,88,1,0.016450535,0.049672182,2,1
1006,1,33,88,1,0.017328412,0.11222119,18,1
1007,1,33,88,1,0.019848414,0.084367844,4,1
1009,1,33,88,1,0.036598679,0.088068649,3,0
1011,1,33,88,1,0.020717625,0.17104434,12,0
1013,1,33,88,1,0.004146743,0.13161508,14,0
1017,1,33,88,1,0.02733773,0.094567537,3,1
1030,1,33,88,1,0.002867301,0.12567352,4,0
1045,1,33,88,1,0.0125582,0.10715756,14,0
2005,2,33,88,1,0.01016012,0.09396137,1,0
2008,2,33,88,1,0.011900171,0.10522424,11,0
2015,2,33,88,1,0.00384875,0.081209873,4,1
2016,2,33,88,1,0.007353629,0.17529595,3,1
2019,2,33,88,1,0.01530405,0.13032065,13,0
2026,2,33,88,1,0.016751949,0.1260321,13,0
2028,2,33,88,1,0.013682432,0.18015419,16,1
2040,2,33,88,1,0.000513042,0.12719688,10,0
2048,2,33,88,1,0.002428207,0.15219435,3,0
3006,3,33,88,1,0.016504261,0.091681807,20,1
3014,3,33,88,1,0.037226436,0.11338478,7,0
4002,4,33,88,1,0.009072659,0.15121298,14,0
4010,4,33,88,1,0.007154856,0.074250813,6,0
4012,4,33,88,1,0.038220894,0.083191611,12,0
6018,6,33,88,1,0.00868684,0.16334794,0,0
1004,1,34,88,1,0.004925111,0.10224817,2,1
1006,1,34,88,1,0.046239433,0.11715113,18,1
1007,1,34,88,1,0.032749349,0.14270713,4,1
1009,1,34,88,1,0.022130398,0.060669955,3,0
1011,1,34,88,1,0.017829022,0.18647113,12,0
1013,1,34,88,1,0.010591413,0.10387779,14,0
1017,1,34,88,1,0.044452195,0.11870356,3,1
1030,1,34,88,1,0.010196481,0.12435119,4,0
1045,1,34,88,1,0.008481339,0.10838597,14,0
2005,2,34,88,1,0.02870412,0.10174463,1,0
2008,2,34,88,1,0.004871701,0.13728865,11,0
2015,2,34,88,1,0.014085535,0.096538039,4,1
2016,2,34,88,1,0.03332261,0.12264833,3,1
2019,2,34,88,1,0.006254477,0.14219067,13,0
2026,2,34,88,1,0.007590779,0.11650978,13,0
2028,2,34,88,1,0.008229491,0.214068,16,1
2040,2,34,88,1,0.05405704,0.11935931,10,0
2048,2,34,88,1,0.010656689,0.11517452,3,0
3006,3,34,88,1,0.003624482,0.12260244,20,1
3014,3,34,88,1,0.08985146,0.10243393,7,0
4002,4,34,88,1,0.006938127,0.12858456,14,0
4010,4,34,88,1,0.007567621,0.10485249,6,0
4012,4,34,88,1,0.009285573,0.073330861,12,0
6018,6,34,88,1,0.014465039,0.15787171,0,0
1004,1,35,88,1,0.019807421,0.10099743,2,1
1006,1,35,88,1,0.081998639,0.12806746,18,1
1007,1,35,88,1,0.068857464,0.11891177,4,1
1009,1,35,88,1,0.007030522,0.10940222,3,0
1011,1,35,88,1,0.077492266,0.15141131,12,0
1013,1,35,88,1,0.030810137,0.12310387,14,0
1017,1,35,88,1,0.003864729,0.1509861,3,1
1030,1,35,88,1,0.002464982,0.166813,4,0
1045,1,35,88,1,0.02145038,0.11240479,14,0
2005,2,35,88,1,0.009035933,0.12598392,1,0
2008,2,35,88,1,0.013540957,0.10246412,11,0
2015,2,35,88,1,0.029885474,0.075980128,4,1
2016,2,35,88,1,0.010457362,0.16591223,3,1
2019,2,35,88,1,0.010350138,0.14480265,13,0
2026,2,35,88,1,0.029928383,0.14269749,13,0
2028,2,35,88,1,0.11437241,0.13864752,16,1
2040,2,35,88,1,0.002408397,0.13462784,10,0
2048,2,35,88,1,0.020213763,0.11338205,3,0
3006,3,35,88,1,0.004619147,0.1599445,20,1
3014,3,35,88,1,0.009792014,0.15100772,7,0
4002,4,35,88,1,0.050426237,0.15717463,14,0
4010,4,35,88,1,0.007700005,0.10818752,6,0
4012,4,35,88,1,0.002977829,0.13362489,12,0
6018,6,35,88,1,0.043155575,0.13085211,0,0
1004,1,36,88,1,0.063141055,0.06232819,2,1
1006,1,36,88,1,0.013388468,0.1623607,18,1
1007,1,36,88,1,0.031235,0.10441521,4,1
1009,1,36,88,1,0.012139727,0.099576252,3,0
1011,1,36,88,1,0.043208565,0.16090775,12,0
1013,1,36,88,1,0.026878307,0.13553931,14,0
1017,1,36,88,1,0.005757892,0.13369275,3,1
1030,1,36,88,1,0.009635814,0.11031844,4,0
1045,1,36,88,1,0.00282589,0.15623305,14,0
2005,2,36,88,1,0.014228388,0.10802429,1,0
2008,2,36,88,1,0.022076145,0.10624792,11,0
2015,2,36,88,1,0.000256948,0.14448896,4,1
2016,2,36,88,1,0.020570928,0.12586608,3,1
2019,2,36,88,1,0.016120017,0.12491359,13,0
2026,2,36,88,1,0.019893051,0.12499084,13,0
2028,2,36,88,1,0.004498312,0.16922545,16,1
2040,2,36,88,1,0.009984862,0.095781953,10,0
2048,2,36,88,1,0.005569665,0.12666922,3,0
3006,3,36,88,1,0.019695106,0.12422308,20,1
3014,3,36,88,1,0.019659458,0.15036628,7,0
4002,4,36,88,1,0.063762684,0.098983116,14,0
4010,4,36,88,1,0.006479831,0.06404821,6,0
4012,4,36,88,1,0.015874408,0.11602724,12,0
6018,6,36,88,1,0.01386171,0.12510448,0,0
1004,1,37,88,1,0.002249624,0.10965309,2,1
1006,1,37,88,1,0.064993503,0.099565201,18,1
1007,1,37,88,1,0.021418048,0.082700219,4,1
1009,1,37,88,1,0.007921455,0.10597281,3,0
1011,1,37,88,1,0.016375722,0.18200322,12,0
1013,1,37,88,1,0.032274226,0.086191362,14,0
1017,1,37,88,1,0.009945237,0.1024714,3,1
1030,1,37,88,1,0.004502006,0.095460708,4,0
1045,1,37,88,1,0.006103676,0.1419147,14,0
2005,2,37,88,1,0.02654793,0.12467135,1,0
2008,2,37,88,1,0.008758674,0.11884713,11,0
2015,2,37,88,1,0.001354862,0.10131637,4,1
2016,2,37,88,1,0.010845955,0.14788239,3,1
2019,2,37,88,1,0.036989453,0.084418974,13,0
2026,2,37,88,1,0.026383538,0.15128806,13,0
2028,2,37,88,1,0.003911731,0.18597783,16,1
2040,2,37,88,1,0.003696998,0.10339405,10,0
2048,2,37,88,1,0.001752845,0.12634254,3,0
3006,3,37,88,1,0.024865283,0.1652077,20,1
3014,3,37,88,1,0.043674497,0.11898239,7,0
4002,4,37,88,1,0.011577283,0.1397084,14,0
4010,4,37,88,1,0.005180501,0.099507663,6,0
4012,4,37,88,1,0.010172861,0.10316503,12,0
6018,6,37,88,1,0.012209912,0.14613221,0,0
1004,1,38,88,1,0.01116656,0.070247516,2,1
1006,1,38,88,1,0.060523081,0.10922088,18,1
1007,1,38,88,1,0.018141581,0.11085488,4,1
1009,1,38,88,1,0.006138107,0.10273867,3,0
1011,1,38,88,1,0.013757769,0.19455375,12,0
1013,1,38,88,1,0.017312432,0.12142362,14,0
1017,1,38,88,1,0.004406845,0.12235508,3,1
1030,1,38,88,1,0.001864779,0.14360074,4,0
1045,1,38,88,1,0.006350132,0.13100805,14,0
2005,2,38,88,1,0.005349113,0.12204071,1,0
2008,2,38,88,1,0.050512195,0.10017818,11,0
2015,2,38,88,1,0.002385071,0.077438252,4,1
2016,2,38,88,1,0.022779027,0.09820291,3,1
2019,2,38,88,1,0.003124556,0.13801777,13,0
2026,2,38,88,1,0.032021369,0.13040493,13,0
2028,2,38,88,1,0.006330049,0.19577914,16,1
2040,2,38,88,1,0.001517517,0.11517644,10,0
2048,2,38,88,1,0.004626089,0.13666218,3,0
3006,3,38,88,1,0.048266917,0.12020428,20,1
3014,3,38,88,1,0.050339968,0.12077951,7,0
4002,4,38,88,1,0.017681532,0.14121993,14,0
4010,4,38,88,1,0.010839959,0.054793514,6,0
4012,4,38,88,1,0.00453942,0.11932127,12,0
6018,6,38,88,1,0.02323573,0.13612701,0,0
1004,1,39,88,1,0.011593147,0.099456358,2,1
1006,1,39,88,1,0.004591023,0.15901139,18,1
1007,1,39,88,1,0.029639939,0.11662316,4,1
1009,1,39,88,1,0.02043653,0.079715651,3,0
1011,1,39,88,1,0.020121417,0.17109244,12,0
1013,1,39,88,1,0.00840743,0.11851384,14,0
1017,1,39,88,1,0.007784076,0.15261383,3,1
1030,1,39,88,1,0.000599757,0.14442166,4,0
1045,1,39,88,1,0.001262262,0.14649351,14,0
2005,2,39,88,1,0.067369879,0.12616506,1,0
2008,2,39,88,1,0.028455116,0.087444636,11,0
2015,2,39,88,1,0.023415113,0.11197704,4,1
2016,2,39,88,1,0.014431835,0.13917171,3,1
2019,2,39,88,1,0.016066831,0.11506413,13,0
2026,2,39,88,1,0.019279856,0.14273735,13,0
2028,2,39,88,1,0.0090849,0.19740194,16,1
2040,2,39,88,1,0.004208554,0.10927218,10,0
2048,2,39,88,1,0.027715886,0.10053842,3,0
3006,3,39,88,1,0.00497217,0.13203041,20,1
3014,3,39,88,1,0.017834128,0.15954994,7,0
4002,4,39,88,1,0.008103313,0.15077684,14,0
4010,4,39,88,1,0.00622356,0.11359123,6,0
4012,4,39,88,1,0.025578613,0.099494767,12,0
6018,6,39,88,1,0.00790964,0.12708968,0,0
1004,1,40,88,1,0.017229251,0.088146392,2,1
1006,1,40,88,1,0.084230475,0.10234973,18,1
1007,1,40,88,1,0.006848756,0.11839571,4,1
1009,1,40,88,1,0.010252117,0.11489074,3,0
1011,1,40,88,1,0.029565166,0.17188944,12,0
1013,1,40,88,1,0.004064148,0.13946711,14,0
1017,1,40,88,1,0.01339951,0.12348167,3,1
1030,1,40,88,1,0.006663849,0.11611464,4,0
1045,1,40,88,1,0.000890735,0.17869717,14,0
2005,2,40,88,1,0.005475909,0.11800065,1,0
2008,2,40,88,1,0.006422379,0.12308761,11,0
2015,2,40,88,1,0.003991158,0.10600219,4,1
2016,2,40,88,1,0.004952578,0.13644186,3,1
2019,2,40,88,1,0.037414819,0.12256128,13,0
2026,2,40,88,1,0.015812455,0.11176892,13,0
2028,2,40,88,1,0.002252046,0.19287315,16,1
2040,2,40,88,1,0.005822029,0.12218667,10,0
2048,2,40,88,1,0.014235661,0.13056253,3,0
3006,3,40,88,1,0.004610552,0.16496597,20,1
3014,3,40,88,1,0.029772371,0.12941258,7,0
4002,4,40,88,1,0.017699021,0.14114997,14,0
4010,4,40,88,1,0.004341121,0.11667199,6,0
4012,4,40,88,1,0.058306826,0.078907548,12,0
6018,6,40,88,1,0.029651877,0.12534034,0,0
1004,1,41,88,1,0.005594449,0.10012938,2,1
1006,1,41,88,1,0.052288862,0.11097109,18,1
1007,1,41,88,1,0.019902984,0.10393287,4,1
1009,1,41,88,1,0.013257339,0.10649516,3,0
1011,1,41,88,1,0.013777747,0.18225174,12,0
1013,1,41,88,1,0.018889522,0.1015621,14,0
1017,1,41,88,1,0.00322407,0.16078294,3,1
1030,1,41,88,1,0.008360903,0.1285807,4,0
1045,1,41,88,1,0.005158938,0.12821289,14,0
2005,2,41,88,1,0.043443181,0.11518129,1,0
2008,2,41,88,1,0.030025715,0.1116492,11,0
2015,2,41,88,1,0.032407534,0.09625946,4,1
2016,2,41,88,1,0.016001754,0.14094257,3,1
2019,2,41,88,1,0.012074289,0.10106362,13,0
2026,2,41,88,1,0.035550246,0.12162803,13,0
2028,2,41,88,1,0.035984317,0.17300358,16,1
2040,2,41,88,1,0.01298692,0.092394724,10,0
2048,2,41,88,1,0.002098279,0.16560646,3,0
3006,3,41,88,1,0.010190303,0.11746003,20,1
3014,3,41,88,1,0.006222086,0.19216034,7,0
4002,4,41,88,1,0.033505905,0.13865091,14,0
4010,4,41,88,1,0.017078297,0.10988616,6,0
4012,4,41,88,1,0.031374574,0.10996768,12,0
6018,6,41,88,1,0.000458704,0.17607718,0,0
1004,1,43,88,1,0.02748394,0.063252489,2,1
1006,1,43,88,1,0.044613805,0.11718397,18,1
1007,1,43,88,1,0.021210151,0.1115573,4,1
1009,1,43,88,1,0.009917993,0.13323784,3,0
1011,1,43,88,1,0.027144001,0.19834305,12,0
1013,1,43,88,1,0.012399794,0.16983073,14,0
1017,1,43,88,1,0.13660249,0.091572367,3,1
1030,1,43,88,1,0.029168355,0.10380496,4,0
1045,1,43,88,1,0.001453872,0.13978878,14,0
2005,2,43,88,1,0.045188173,0.080568406,1,0
2008,2,43,88,1,0.019113977,0.12945919,11,0
2015,2,43,88,1,0.002668628,0.095649442,4,1
2016,2,43,88,1,0.037201459,0.10535137,3,1
2019,2,43,88,1,0.02775095,0.1133771,13,0
2026,2,43,88,1,0.010407654,0.14167844,13,0
2028,2,43,88,1,0.01474614,0.21690054,16,1
2040,2,43,88,1,0.001289089,0.13559948,10,0
2048,2,43,88,1,0.004173656,0.15033085,3,0
3006,3,43,88,1,0.002224611,0.13766296,20,1
3014,3,43,88,1,0.00513508,0.15060712,7,0
4002,4,43,88,1,0.02543456,0.13295953,14,0
4010,4,43,88,1,0.019947688,0.066230068,6,0
4012,4,43,88,1,0.002210809,0.1355797,12,0
6018,6,43,88,1,0.015568872,0.13460197,0,0
1004,1,44,88,1,0.002394275,0.075907737,2,1
1006,1,44,88,1,0.0059933,0.13960052,18,1
1007,1,44,88,1,0.009689176,0.11206841,4,1
1009,1,44,88,1,0.002114336,0.10108526,3,0
1011,1,44,88,1,0.018989533,0.19375535,12,0
1013,1,44,88,1,0.000769626,0.1702308,14,0
1017,1,44,88,1,0.005142148,0.14275359,3,1
1030,1,44,88,1,0.007193184,0.11363728,4,0
1045,1,44,88,1,0.011989706,0.12961559,14,0
2005,2,44,88,1,0.005789352,0.12364197,1,0
2008,2,44,88,1,0.008148257,0.1547261,11,0
2015,2,44,88,1,0.00051514,0.11348472,4,1
2016,2,44,88,1,0.013655006,0.14147826,3,1
2019,2,44,88,1,0.00210269,0.12168593,13,0
2026,2,44,88,1,0.004469824,0.17721942,13,0
2028,2,44,88,1,0.008170734,0.18532239,16,1
2040,2,44,88,1,0.001297268,0.14516095,10,0
2048,2,44,88,1,0.00313404,0.13096973,3,0
3006,3,44,88,1,0.007737467,0.129003,20,1
3014,3,44,88,1,0.04263982,0.13328863,7,0
4002,4,44,88,1,0.010670215,0.14994044,14,0
4010,4,44,88,1,0.01205724,0.096358055,6,0
4012,4,44,88,1,0.018825924,0.073392123,12,0
6018,6,44,88,1,0.002822634,0.1700815,0,0
1004,1,45,88,1,0.005611632,0.10224881,2,1
1006,1,45,88,1,0.040302693,0.13043172,18,1
1007,1,45,88,1,0.04131684,0.10187432,4,1
1009,1,45,88,1,0.005034886,0.12747904,3,0
1011,1,45,88,1,0.025225945,0.14494577,12,0
1013,1,45,88,1,0.013209015,0.11444882,14,0
1017,1,45,88,1,0.00580626,0.15815701,3,1
1030,1,45,88,1,0.008479295,0.097013946,4,0
1045,1,45,88,1,0.026765624,0.098384933,14,0
2005,2,45,88,1,0.04940322,0.12551647,1,0
2008,2,45,88,1,0.021024792,0.12354161,11,0
2015,2,45,88,1,0.003194378,0.11283883,4,1
2016,2,45,88,1,0.009549545,0.16437662,3,1
2019,2,45,88,1,0.073912958,0.10321334,13,0
2026,2,45,88,1,0.034612009,0.14500906,13,0
2028,2,45,88,1,0.006682638,0.18214911,16,1
2040,2,45,88,1,0.003675734,0.15038497,10,0
2048,2,45,88,1,0.006921295,0.1388551,3,0
3006,3,45,88,1,0.023381919,0.091825302,20,1
3014,3,45,88,1,0.070751523,0.17442949,7,0
4002,4,45,88,1,0.016824317,0.16574191,14,0
4010,4,45,88,1,0.003211382,0.11257646,6,0
4012,4,45,88,1,0.01929926,0.12284281,12,0
6018,6,45,88,1,0.043011443,0.12337302,0,0
1004,1,47,88,1,0.023740439,0.092829579,2,1
1006,1,47,88,1,0.005832632,0.12564204,18,1
1007,1,47,88,1,0.11785016,0.11300786,4,1
1009,1,47,88,1,0.004500459,0.10623334,3,0
1011,1,47,88,1,0.049836597,0.189933,12,0
1013,1,47,88,1,0.002539077,0.16224079,14,0
1017,1,47,88,1,0.017526898,0.14774083,3,1
1030,1,47,88,1,0.022267005,0.12137198,4,0
1045,1,47,88,1,0.011281593,0.14411316,14,0
2005,2,47,88,1,0.04094193,0.11692331,1,0
2008,2,47,88,1,0.00568725,0.13463916,11,0
2015,2,47,88,1,0.003881729,0.12069803,4,1
2016,2,47,88,1,0.016407363,0.14052732,3,1
2019,2,47,88,1,0.002727621,0.13705271,13,0
2026,2,47,88,1,0.006123989,0.14151564,13,0
2028,2,47,88,1,0.015077846,0.20545077,16,1
2040,2,47,88,1,0.007098832,0.1367279,10,0
2048,2,47,88,1,0.002126516,0.15678926,3,0
3006,3,47,88,1,0.018889009,0.1158056,20,1
3014,3,47,88,1,0.025121434,0.1551806,7,0
4002,4,47,88,1,0.006891851,0.1838064,14,0
4010,4,47,88,1,0.014494981,0.095822437,6,0
4012,4,47,88,1,0.067410171,0.11437724,12,0
6018,6,47,88,1,0.003279176,0.14233519,0,0
1004,1,48,88,1,0.025539579,0.045487097,2,1
1006,1,48,88,1,0.013084895,0.15334742,18,1
1007,1,48,88,1,0.050043261,0.091939608,4,1
1009,1,48,88,1,0.004403394,0.11331902,3,0
1011,1,48,88,1,0.036867572,0.19014541,12,0
1013,1,48,88,1,0.033026533,0.10433577,14,0
1017,1,48,88,1,0.009723198,0.15293032,3,1
1030,1,48,88,1,0.007965483,0.13813979,4,0
1045,1,48,88,1,0.026785624,0.12384743,14,0
2005,2,48,88,1,0.015113157,0.1212038,1,0
2008,2,48,88,1,0.041325194,0.12359001,11,0
2015,2,48,88,1,0.002222033,0.12207202,4,1
2016,2,48,88,1,0.005996447,0.13021854,3,1
2019,2,48,88,1,0.027173499,0.095847162,13,0
2026,2,48,88,1,0.010366673,0.13016948,13,0
2028,2,48,88,1,0.007074266,0.16755041,16,1
2040,2,48,88,1,0.002492179,0.14037877,10,0
2048,2,48,88,1,0.001710945,0.14218361,3,0
3006,3,48,88,1,0.020596159,0.1316422,20,1
3014,3,48,88,1,0.021986033,0.14812348,7,0
4002,4,48,88,1,0.042350298,0.13470825,14,0
4010,4,48,88,1,0.005580411,0.1143363,6,0
4012,4,48,88,1,0.022961798,0.08639906,12,0
6018,6,48,88,1,0.007179311,0.14738409,0,0
1004,1,49,88,1,0.077401123,0.048703882,2,1
1006,1,49,88,1,0.0695788,0.1168638,18,1
1007,1,49,88,1,0.039519262,0.12571899,4,1
1009,1,49,88,1,0.010301518,0.088195573,3,0
1011,1,49,88,1,0.063864182,0.14910691,12,0
1013,1,49,88,1,0.00744083,0.14078842,14,0
1017,1,49,88,1,0.016101717,0.15135766,3,1
1030,1,49,88,1,0.029770588,0.082795608,4,0
1045,1,49,88,1,0.012899558,0.13976329,14,0
2005,2,49,88,1,0.015646161,0.14042803,1,0
2008,2,49,88,1,0.003501866,0.13296004,11,0
2015,2,49,88,1,0.0084495,0.13092478,4,1
2016,2,49,88,1,0.065328179,0.12653478,3,1
2019,2,49,88,1,0.024229124,0.11700754,13,0
2026,2,49,88,1,0.013575923,0.11361687,13,0
2028,2,49,88,1,0.070641837,0.15926567,16,1
2040,2,49,88,1,0.001473985,0.11300848,10,0
2048,2,49,88,1,0.006408925,0.16049227,3,0
3006,3,49,88,1,0.015364344,0.11525645,20,1
3014,3,49,88,1,0.002847802,0.17182866,7,0
4002,4,49,88,1,0.009450874,0.1239847,14,0
4010,4,49,88,1,0.009088025,0.10893752,6,0
4012,4,49,88,1,0.045548212,0.073828419,12,0
6018,6,49,88,1,0.003843966,0.16772707,0,0
1004,1,52,88,1,0.009566452,0.077463702,2,1
1006,1,52,88,1,0.065850475,0.12379326,18,1
1007,1,52,88,1,0.004649221,0.14900919,4,1
1009,1,52,88,1,0.006696613,0.10968643,3,0
1011,1,52,88,1,0.1145248,0.14713932,12,0
1013,1,52,88,1,0.033096167,0.12317268,14,0
1017,1,52,88,1,0.016865759,0.13003954,3,1
1030,1,52,88,1,0.000795094,0.14040571,4,0
1045,1,52,88,1,0.003455999,0.11106589,14,0
2005,2,52,88,1,0.016846174,0.12590855,1,0
2008,2,52,88,1,0.010042747,0.11288469,11,0
2015,2,52,88,1,0.007807097,0.10192268,4,1
2016,2,52,88,1,0.006261066,0.14270435,3,1
2019,2,52,88,1,0.023064639,0.11622725,13,0
2026,2,52,88,1,0.005189536,0.18583813,13,0
2028,2,52,88,1,0.042870237,0.16034644,16,1
2040,2,52,88,1,0.001741358,0.13352806,10,0
2048,2,52,88,1,0.000730121,0.17197463,3,0
3006,3,52,88,1,0.03300185,0.10251843,20,1
3014,3,52,88,1,0.0061602,0.1345548,7,0
4002,4,52,88,1,0.004607204,0.1680415,14,0
4010,4,52,88,1,0.003367615,0.08882351,6,0
4012,4,52,88,1,0.02153431,0.11708431,12,0
6018,6,52,88,1,0.033761997,0.14102231,0,0
1004,1,53,88,1,0.005792064,0.087681321,2,1
1006,1,53,88,1,0.028845069,0.093541362,18,1
1007,1,53,88,1,0.012364185,0.11385671,4,1
1009,1,53,88,1,0.003658385,0.12366131,3,0
1011,1,53,88,1,0.006838715,0.20643561,12,0
1013,1,53,88,1,0.012190212,0.1483146,14,0
1017,1,53,88,1,0.006454359,0.13648356,3,1
1030,1,53,88,1,0.001321627,0.13869246,4,0
1045,1,53,88,1,0.007205196,0.11664392,14,0
2005,2,53,88,1,0.010371919,0.12185459,1,0
2008,2,53,88,1,0.01703365,0.13709695,11,0
2015,2,53,88,1,0.00098541,0.096744195,4,1
2016,2,53,88,1,0.006905451,0.13675839,3,1
2019,2,53,88,1,0.006781617,0.1373197,13,0
2026,2,53,88,1,0.027332884,0.14116862,13,0
2028,2,53,88,1,0.061079981,0.18970435,16,1
2040,2,53,88,1,0.013992082,0.13251667,10,0
2048,2,53,88,1,0.017207014,0.10124473,3,0
3006,3,53,88,1,0.012707343,0.13837974,20,1
3014,3,53,88,1,0.044889724,0.11496558,7,0
4002,4,53,88,1,0.011326405,0.11722018,14,0
4010,4,53,88,1,0.01437305,0.058966304,6,0
4012,4,53,88,1,0.007893688,0.12742361,12,0
6018,6,53,88,1,0.03501036,0.097106464,0,0
1004,1,54,88,1,0.000892122,0.054660744,2,1
1006,1,54,88,1,0.008640657,0.14305843,18,1
1007,1,54,88,1,0.005179656,0.11649418,4,1
1009,1,54,88,1,0.000838462,0.11966065,3,0
1011,1,54,88,1,0.01131168,0.19146381,12,0
1013,1,54,88,1,0.008319973,0.16162764,14,0
1017,1,54,88,1,0.014978523,0.10477733,3,1
1030,1,54,88,1,0.002233664,0.095536297,4,0
1045,1,54,88,1,0.016998418,0.12107466,14,0
2005,2,54,88,1,0.002220133,0.1269064,1,0
2008,2,54,88,1,0.021469816,0.090775194,11,0
2015,2,54,88,1,0.000401274,0.10840386,4,1
2016,2,54,88,1,0.012161572,0.12971868,3,1
2019,2,54,88,1,0.020932333,0.13228059,13,0
2026,2,54,88,1,0.002232567,0.14011839,13,0
2028,2,54,88,1,0.007961044,0.20966679,16,1
2040,2,54,88,1,0.005626995,0.13115898,10,0
2048,2,54,88,1,0.000208285,0.16118038,3,0
3006,3,54,88,1,0.010042037,0.13660554,20,1
3014,3,54,88,1,0.009627545,0.13972989,7,0
4002,4,54,88,1,0.011697241,0.17795056,14,0
4010,4,54,88,1,0.000556485,0.14089711,6,0
4012,4,54,88,1,0.008738877,0.12077829,12,0
6018,6,54,88,1,0.00156227,0.1481814,0,0
1004,1,55,88,1,0.00251048,0.08591527,2,1
1006,1,55,88,1,0.021575639,0.11065867,18,1
1007,1,55,88,1,0.011528031,0.11678647,4,1
1009,1,55,88,1,0.004679523,0.12277357,3,0
1011,1,55,88,1,0.013634824,0.19164831,12,0
1013,1,55,88,1,0.004929824,0.1185809,14,0
1017,1,55,88,1,0.027360793,0.13277919,3,1
1030,1,55,88,1,0.018212489,0.1237775,4,0
1045,1,55,88,1,0.003654299,0.15127735,14,0
2005,2,55,88,1,0.016178981,0.10857986,1,0
2008,2,55,88,1,0.021960204,0.1132767,11,0
2015,2,55,88,1,0.001651044,0.12161415,4,1
2016,2,55,88,1,0.01982166,0.13713634,3,1
2019,2,55,88,1,0.00600505,0.10044694,13,0
2026,2,55,88,1,0.082181019,0.11664821,13,0
2028,2,55,88,1,0.015815242,0.19354444,16,1
2040,2,55,88,1,0.0049591,0.14684753,10,0
2048,2,55,88,1,0.021589131,0.12166188,3,0
3006,3,55,88,1,0.001547849,0.13861134,20,1
3014,3,55,88,1,0.00758876,0.15543322,7,0
4002,4,55,88,1,0.01750544,0.14385091,14,0
4010,4,55,88,1,0.030275551,0.067986501,6,0
4012,4,55,88,1,0.006949949,0.1131677,12,0
6018,6,55,88,1,0.010077215,0.1532134,0,0
1004,1,56,88,1,0.003112259,0.08985032,2,1
1006,1,56,88,1,0.012195919,0.12286217,18,1
1007,1,56,88,1,0.021633735,0.10431529,4,1
1009,1,56,88,1,0.012974248,0.12367462,3,0
1011,1,56,88,1,0.010832445,0.18127641,12,0
1013,1,56,88,1,0.009609361,0.10220476,14,0
1017,1,56,88,1,0.024764173,0.091905455,3,1
1030,1,56,88,1,0.005184158,0.1363658,4,0
1045,1,56,88,1,0.004558017,0.11302077,14,0
2005,2,56,88,1,0.15862107,0.10210609,1,0
2008,2,56,88,1,0.021904285,0.11328115,11,0
2015,2,56,88,1,0.016448133,0.074101334,4,1
2016,2,56,88,1,0.025350613,0.12650077,3,1
2019,2,56,88,1,0.020723567,0.10346625,13,0
2026,2,56,88,1,0.008967665,0.17412972,13,0
2028,2,56,88,1,0.004255878,0.15379879,16,1
2040,2,56,88,1,0.00705341,0.14101679,10,0
2048,2,56,88,1,0.001803488,0.15009571,3,0
3006,3,56,88,1,0.027007331,0.080200911,20,1
3014,3,56,88,1,0.075110254,0.1182454,7,0
4002,4,56,88,1,0.012865684,0.15458391,14,0
4010,4,56,88,1,0.002472502,0.091732441,6,0
4012,4,56,88,1,0.002688456,0.10887489,12,0
6018,6,56,88,1,0.050937792,0.1163615,0,0
1004,1,58,88,1,0.008097648,0.063606067,2,1
1006,1,58,88,1,0.012502388,0.097030346,18,1
1007,1,58,88,1,0.016804196,0.10525385,4,1
1009,1,58,88,1,0.00813251,0.10186546,3,0
1011,1,58,88,1,0.006418983,0.19008985,12,0
1013,1,58,88,1,0.0060916,0.12204182,14,0
1017,1,58,88,1,0.045358933,0.09575521,3,1
1030,1,58,88,1,0.002353036,0.10544178,4,0
1045,1,58,88,1,0.023116348,0.1234817,14,0
2005,2,58,88,1,0.010155699,0.15498391,1,0
2008,2,58,88,1,0.050470203,0.07175582,11,0
2015,2,58,88,1,0.006536537,0.087212599,4,1
2016,2,58,88,1,0.004559827,0.1537211,3,1
2019,2,58,88,1,0.003227995,0.13956474,13,0
2026,2,58,88,1,0.008604877,0.1563119,13,0
2028,2,58,88,1,0.036153831,0.18096308,16,1
2040,2,58,88,1,0.002936631,0.17739961,10,0
2048,2,58,88,1,0.010439826,0.10029307,3,0
3006,3,58,88,1,0.043179148,0.096665201,20,1
3014,3,58,88,1,0.22786272,0.11293143,7,0
4002,4,58,88,1,0.018843597,0.19775861,14,0
4010,4,58,88,1,0.004066343,0.10742397,6,0
4012,4,58,88,1,0.087979677,0.10125408,12,0
6018,6,58,88,1,0.007531828,0.14816878,0,0
1004,1,61,88,1,0.00302453,0.097582315,2,1
1006,1,61,88,1,0.015872181,0.13747592,18,1
1007,1,61,88,1,0.008394638,0.12946179,4,1
1009,1,61,88,1,0.022632728,0.10326019,3,0
1011,1,61,88,1,0.041367541,0.16668801,12,0
1013,1,61,88,1,0.006491173,0.098524758,14,0
1017,1,61,88,1,0.000349418,0.15673461,3,1
1030,1,61,88,1,0.007040347,0.12540152,4,0
1045,1,61,88,1,0.000717079,0.17179104,14,0
2005,2,61,88,1,0.02191162,0.13331971,1,0
2008,2,61,88,1,0.059175767,0.1055868,11,0
2015,2,61,88,1,0.005033047,0.073111618,4,1
2016,2,61,88,1,0.043490278,0.13009562,3,1
2019,2,61,88,1,0.0115358,0.11950484,13,0
2026,2,61,88,1,0.001158728,0.19138062,13,0
2028,2,61,88,1,0.075053332,0.16110434,16,1
2040,2,61,88,1,0.001412768,0.14441514,10,0
2048,2,61,88,1,0.021578804,0.10563075,3,0
3006,3,61,88,1,0.0385656,0.11681333,20,1
3014,3,61,88,1,0.003148909,0.13807947,7,0
4002,4,61,88,1,0.1123477,0.14434974,14,0
4010,4,61,88,1,0.010269103,0.1140784,6,0
4012,4,61,88,1,0.021231988,0.10750937,12,0
6018,6,61,88,1,0.006909918,0.1326241,0,0
1004,1,63,88,1,0.008926876,0.079715364,2,1
1006,1,63,88,1,0.004753925,0.13231096,18,1
1007,1,63,88,1,0.029609392,0.071453478,4,1
1009,1,63,88,1,0.006779115,0.10268977,3,0
1011,1,63,88,1,0.082365356,0.14569718,12,0
1013,1,63,88,1,0.04238292,0.13032966,14,0
1017,1,63,88,1,0.066896482,0.11327203,3,1
1030,1,63,88,1,0.004669981,0.12497818,4,0
1045,1,63,88,1,0.002309501,0.10037764,14,0
2005,2,63,88,1,0.038689983,0.11420174,1,0
2008,2,63,88,1,0.017716638,0.091532593,11,0
2015,2,63,88,1,0.001747888,0.088411673,4,1
2016,2,63,88,1,0.042489498,0.12430712,3,1
2019,2,63,88,1,0.023238157,0.11133447,13,0
2026,2,63,88,1,0.033261108,0.11772693,13,0
2028,2,63,88,1,0.012775077,0.18156044,16,1
2040,2,63,88,1,0.002787812,0.13189572,10,0
2048,2,63,88,1,0.000934509,0.17843494,3,0
3006,3,63,88,1,0.007813448,0.12795355,20,1
3014,3,63,88,1,0.012035491,0.16438749,7,0
4002,4,63,88,1,0.05404213,0.1368567,14,0
4010,4,63,88,1,0.008117607,0.10216394,6,0
4012,4,63,88,1,0.019681142,0.10512512,12,0
6018,6,63,88,1,0.11139714,0.13151362,0,0
1004,1,65,88,1,0.003379127,0.07552301,2,1
1006,1,65,88,1,0.10505344,0.088807296,18,1
1007,1,65,88,1,0.01681517,0.10084953,4,1
1009,1,65,88,1,0.013213357,0.062848848,3,0
1011,1,65,88,1,0.003743406,0.17784813,12,0
1013,1,65,88,1,0.003041918,0.11763859,14,0
1017,1,65,88,1,0.009192659,0.10628334,3,1
1030,1,65,88,1,0.003589405,0.11625384,4,0
1045,1,65,88,1,0.004385673,0.14176726,14,0
2005,2,65,88,1,0.008034469,0.097927375,1,0
2008,2,65,88,1,0.046699612,0.087342675,11,0
2015,2,65,88,1,0.012014658,0.05086013,4,1
2016,2,65,88,1,0.00548899,0.13382672,3,1
2019,2,65,88,1,0.059521675,0.092779499,13,0
2026,2,65,88,1,0.001973974,0.15928059,13,0
2028,2,65,88,1,0.008929294,0.17777341,16,1
2040,2,65,88,1,0.002907691,0.13831741,10,0
2048,2,65,88,1,0.001332778,0.12522542,3,0
3006,3,65,88,1,0.030357652,0.13459472,20,1
3014,3,65,88,1,0.023889956,0.17323455,7,0
4002,4,65,88,1,0.018301568,0.14961813,14,0
4010,4,65,88,1,0.000640306,0.13571673,6,0
4012,4,65,88,1,0.041958654,0.085336763,12,0
6018,6,65,88,1,0.001159559,0.13346663,0,0
1004,1,1,88,2,0.006442765,0.077717715,2,1
1006,1,1,88,2,0.14128212,0.14104056,18,1
1007,1,1,88,2,0.08789458,0.07268274,4,1
1009,1,1,88,2,0.006621447,0.076974403,3,0
1011,1,1,88,2,0.054274866,0.16700882,12,0
1013,1,1,88,2,0.021978619,0.092333473,14,0
1017,1,1,88,2,0.010547397,0.15393083,3,1
1030,1,1,88,2,0.001309628,0.15039494,4,0
1045,1,1,88,2,0.010524623,0.14726089,14,0
2005,2,1,88,2,0.059069365,0.099437,1,0
2008,2,1,88,2,0.013001525,0.11975962,11,0
2015,2,1,88,2,0.007849245,0.072425151,4,1
2016,2,1,88,2,0.01790865,0.13880223,3,1
2019,2,1,88,2,0.004025988,0.15012616,13,0
2026,2,1,88,2,0.005635571,0.15313127,13,0
2028,2,1,88,2,0.01149715,0.20983296,16,1
2040,2,1,88,2,0.001314608,0.13927765,10,0
2048,2,1,88,2,0.000561852,0.16228486,3,0
3006,3,1,88,2,0.007085499,0.14027255,20,1
3014,3,1,88,2,0.005377,0.15381146,7,0
4002,4,1,88,2,0.004515999,0.13597643,14,0
4010,4,1,88,2,0.006743882,0.1101169,6,0
4012,4,1,88,2,0.008263141,0.10392265,12,0
6018,6,1,88,2,0.003530078,0.12713032,0,0
1004,1,3,88,2,0.005889477,0.068113884,2,1
1006,1,3,88,2,0.022001181,0.13213964,18,1
1007,1,3,88,2,0.002906993,0.10472959,4,1
1009,1,3,88,2,0.001090705,0.12849158,3,0
1011,1,3,88,2,0.017049721,0.14180203,12,0
1013,1,3,88,2,0.024298731,0.14257157,14,0
1017,1,3,88,2,0.006682613,0.13947744,3,1
1030,1,3,88,2,0.006741703,0.13944844,4,0
1045,1,3,88,2,0.008487136,0.14437124,14,0
2005,2,3,88,2,0.025656625,0.10489882,1,0
2008,2,3,88,2,0.00982796,0.11527638,11,0
2015,2,3,88,2,0.002453514,0.11971587,4,1
2016,2,3,88,2,0.011933647,0.10842332,3,1
2019,2,3,88,2,0.010730718,0.11033557,13,0
2026,2,3,88,2,0.015526603,0.11056007,13,0
2028,2,3,88,2,0.052564656,0.16122896,16,1
2040,2,3,88,2,0.002979375,0.09252834,10,0
2048,2,3,88,2,0.004742634,0.076439546,3,0
3006,3,3,88,2,0.037315587,0.10424625,20,1
3014,3,3,88,2,0.029107805,0.16530293,7,0
4002,4,3,88,2,0.011273644,0.17015536,14,0
4010,4,3,88,2,0.007060652,0.077777105,6,0
4012,4,3,88,2,0.015023311,0.10014103,12,0
6018,6,3,88,2,0.007013273,0.14075293,0,0
1004,1,4,88,2,0.020964911,0.1092227,2,1
1006,1,4,88,2,0.052629567,0.09774908,18,1
1007,1,4,88,2,0.028051045,0.13210105,4,1
1009,1,4,88,2,0.038117172,0.072907533,3,0
1011,1,4,88,2,0.009645017,0.20438087,12,0
1013,1,4,88,2,0.009564935,0.1623844,14,0
1017,1,4,88,2,0.073336538,0.10773528,3,1
1030,1,4,88,2,0.000490458,0.17556888,4,0
1045,1,4,88,2,0.002871959,0.14451783,14,0
2005,2,4,88,2,0.038783438,0.10427788,1,0
2008,2,4,88,2,0.022903768,0.1316358,11,0
2015,2,4,88,2,0.002826323,0.098647486,4,1
2016,2,4,88,2,0.009489678,0.15099882,3,1
2019,2,4,88,2,0.067595979,0.094557442,13,0
2026,2,4,88,2,0.005000608,0.14302735,13,0
2028,2,4,88,2,0.020295655,0.22003003,16,1
2040,2,4,88,2,0.008706531,0.1449842,10,0
2048,2,4,88,2,0.004347146,0.12649963,3,0
3006,3,4,88,2,0.037722913,0.11000462,20,1
3014,3,4,88,2,0.055230854,0.15673333,7,0
4002,4,4,88,2,0.023401001,0.14997881,14,0
4010,4,4,88,2,0.017547215,0.10543473,6,0
4012,4,4,88,2,0.019060519,0.10973614,12,0
6018,6,4,88,2,0.03259337,0.11852576,0,0
1004,1,5,88,2,0.001941215,0.10117023,2,1
1006,1,5,88,2,0.0053309,0.14229614,18,1
1007,1,5,88,2,0.002061004,0.14618083,4,1
1009,1,5,88,2,0.031832721,0.05950842,3,0
1011,1,5,88,2,0.035982081,0.19321797,12,0
1013,1,5,88,2,0.015616727,0.10477249,14,0
1017,1,5,88,2,0.017983739,0.13518763,3,1
1030,1,5,88,2,0.003630426,0.11435459,4,0
1045,1,5,88,2,0.005220496,0.15930826,14,0
2005,2,5,88,2,0.011936674,0.09214842,1,0
2008,2,5,88,2,0.010678225,0.10724481,11,0
2015,2,5,88,2,0.001469447,0.10213197,4,1
2016,2,5,88,2,0.013301289,0.13308071,3,1
2019,2,5,88,2,0.14091609,0.090732941,13,0
2026,2,5,88,2,0.011668008,0.14027747,13,0
2028,2,5,88,2,0.010660392,0.18618497,16,1
2040,2,5,88,2,0.00582008,0.13488247,10,0
2048,2,5,88,2,0.003332942,0.10181971,3,0
3006,3,5,88,2,0.009683513,0.12710415,20,1
3014,3,5,88,2,0.029970338,0.13908169,7,0
4002,4,5,88,2,0.008180947,0.15639804,14,0
4010,4,5,88,2,0.004470342,0.10664288,6,0
4012,4,5,88,2,0.005403786,0.14170034,12,0
6018,6,5,88,2,0.008657309,0.15130935,0,0
1004,1,7,88,2,0.04886228,0.089413221,2,1
1006,1,7,88,2,0.2129853,0.10543879,18,1
1007,1,7,88,2,0.056389435,0.11213139,4,1
1009,1,7,88,2,0.002275924,0.13522911,3,0
1011,1,7,88,2,0.050203789,0.17065811,12,0
1013,1,7,88,2,0.034962311,0.086609341,14,0
1017,1,7,88,2,0.010933863,0.12402048,3,1
1030,1,7,88,2,0.042970602,0.099100931,4,0
1045,1,7,88,2,0.014357874,0.12492567,14,0
2005,2,7,88,2,0.02975076,0.1215635,1,0
2008,2,7,88,2,0.018159971,0.11542159,11,0
2015,2,7,88,2,0.003940714,0.099350649,4,1
2016,2,7,88,2,0.010655074,0.12489828,3,1
2019,2,7,88,2,0.004290737,0.12363318,13,0
2026,2,7,88,2,0.006308641,0.13369964,13,0
2028,2,7,88,2,0.007488966,0.20482889,16,1
2040,2,7,88,2,0.011063488,0.11794563,10,0
2048,2,7,88,2,0.023856261,0.10277119,3,0
3006,3,7,88,2,0.004409672,0.1264892,20,1
3014,3,7,88,2,0.034335384,0.15742411,7,0
4002,4,7,88,2,0.019863441,0.15000892,14,0
4010,4,7,88,2,0.010714137,0.13993899,6,0
4012,4,7,88,2,0.005768636,0.13020386,12,0
6018,6,7,88,2,0.030877297,0.12928534,0,0
1004,1,8,88,2,0.002390357,0.079068254,2,1
1006,1,8,88,2,0.049565319,0.095938104,18,1
1007,1,8,88,2,0.031029514,0.095108393,4,1
1009,1,8,88,2,0.007575552,0.098166985,3,0
1011,1,8,88,2,0.44688263,0.13294507,12,0
1013,1,8,88,2,0.007987765,0.12326934,14,0
1017,1,8,88,2,0.003805217,0.14749217,3,1
1030,1,8,88,2,0.000358402,0.13570831,4,0
1045,1,8,88,2,0.00121935,0.1605526,14,0
2005,2,8,88,2,0.000721905,0.14607886,1,0
2008,2,8,88,2,0.00997565,0.10833341,11,0
2015,2,8,88,2,0.000464094,0.10886655,4,1
2016,2,8,88,2,0.002847355,0.14903525,3,1
2019,2,8,88,2,0.002623486,0.13353629,13,0
2026,2,8,88,2,0.013339662,0.10828811,13,0
2028,2,8,88,2,0.016063653,0.19281613,16,1
2040,2,8,88,2,0.017177288,0.10293615,10,0
2048,2,8,88,2,0.00226527,0.13351233,3,0
3006,3,8,88,2,0.002421237,0.15102927,20,1
3014,3,8,88,2,0.004240613,0.17206192,7,0
4002,4,8,88,2,0.005492355,0.13956362,14,0
4010,4,8,88,2,0.000619751,0.12691583,6,0
4012,4,8,88,2,0.002585583,0.10182126,12,0
6018,6,8,88,2,0.001670555,0.12357788,0,0
1004,1,11,88,2,0.007384602,0.085813135,2,1
1006,1,11,88,2,0.024564897,0.13971317,18,1
1007,1,11,88,2,0.017727214,0.12197791,4,1
1009,1,11,88,2,0.022363075,0.086704375,3,0
1011,1,11,88,2,0.016421799,0.19937517,12,0
1013,1,11,88,2,0.022657989,0.10161563,14,0
1017,1,11,88,2,0.10182323,0.11304477,3,1
1030,1,11,88,2,0.004171057,0.13642919,4,0
1045,1,11,88,2,0.003885252,0.11963988,14,0
2005,2,11,88,2,0.004619477,0.16294984,1,0
2008,2,11,88,2,0.012731761,0.11655833,11,0
2015,2,11,88,2,0.003077195,0.11101824,4,1
2016,2,11,88,2,0.019586268,0.12793255,3,1
2019,2,11,88,2,0.009534353,0.11676557,13,0
2026,2,11,88,2,0.005075902,0.12517473,13,0
2028,2,11,88,2,0.010992587,0.18663867,16,1
2040,2,11,88,2,0.00227912,0.11758771,10,0
2048,2,11,88,2,0.016096637,0.094066684,3,0
3006,3,11,88,2,0.007347679,0.17289516,20,1
3014,3,11,88,2,0.051580423,0.17854048,7,0
4002,4,11,88,2,0.014609111,0.16792203,14,0
4010,4,11,88,2,0.011976848,0.10018985,6,0
4012,4,11,88,2,0.041967759,0.10225223,12,0
6018,6,11,88,2,0.011499705,0.15663752,0,0
1004,1,12,88,2,0.02391265,0.047539752,2,1
1006,1,12,88,2,0.034508321,0.10879974,18,1
1007,1,12,88,2,0.025360989,0.079615027,4,1
1009,1,12,88,2,0.008167085,0.085634169,3,0
1011,1,12,88,2,0.026857022,0.15827512,12,0
1013,1,12,88,2,0.007102087,0.13828202,14,0
1017,1,12,88,2,0.019610277,0.10790238,3,1
1030,1,12,88,2,0.004112131,0.13321917,4,0
1045,1,12,88,2,0.001144827,0.14806754,14,0
2005,2,12,88,2,0.063410174,0.11727462,1,0
2008,2,12,88,2,0.067987522,0.088866089,11,0
2015,2,12,88,2,0.000569812,0.10040386,4,1
2016,2,12,88,2,0.005644892,0.13940623,3,1
2019,2,12,88,2,0.022839378,0.11249671,13,0
2026,2,12,88,2,0.003573849,0.16282919,13,0
2028,2,12,88,2,0.041928549,0.15401819,16,1
2040,2,12,88,2,0.0107763,0.11193976,10,0
2048,2,12,88,2,0.006937932,0.13562139,3,0
3006,3,12,88,2,0.009854454,0.10097768,20,1
3014,3,12,88,2,0.008349651,0.14369681,7,0
4002,4,12,88,2,0.007950957,0.1530026,14,0
4010,4,12,88,2,0.004251808,0.11797342,6,0
4012,4,12,88,2,0.020276965,0.13245043,12,0
6018,6,12,88,2,0.034294777,0.14277109,0,0
1004,1,13,88,2,0.024108916,0.054075926,2,1
1006,1,13,88,2,0.048355162,0.11796871,18,1
1007,1,13,88,2,0.017409974,0.098190286,4,1
1009,1,13,88,2,0.005079176,0.11747143,3,0
1011,1,13,88,2,0.015471409,0.17171944,12,0
1013,1,13,88,2,0.014106805,0.14247388,14,0
1017,1,13,88,2,0.029108312,0.11973556,3,1
1030,1,13,88,2,0.030415694,0.10035424,4,0
1045,1,13,88,2,0.003549666,0.14930369,14,0
2005,2,13,88,2,0.035660183,0.098328354,1,0
2008,2,13,88,2,0.033318938,0.11114832,11,0
2015,2,13,88,2,0.001697606,0.10339938,4,1
2016,2,13,88,2,0.029467476,0.11428112,3,1
2019,2,13,88,2,0.013497342,0.13292748,13,0
2026,2,13,88,2,0.012485764,0.1512431,13,0
2028,2,13,88,2,0.025821247,0.1473118,16,1
2040,2,13,88,2,0.012659561,0.13126766,10,0
2048,2,13,88,2,0.006205019,0.13761133,3,0
3006,3,13,88,2,0.000777126,0.15633493,20,1
3014,3,13,88,2,0.010226728,0.1324871,7,0
4002,4,13,88,2,0.010433248,0.14948527,14,0
4010,4,13,88,2,0.000826475,0.11342284,6,0
4012,4,13,88,2,0.05116405,0.10472068,12,0
6018,6,13,88,2,0.036652274,0.10121854,0,0
1004,1,14,88,2,0.004299713,0.0919087,2,1
1006,1,14,88,2,0.021824743,0.082741437,18,1
1007,1,14,88,2,0.019749214,0.090998494,4,1
1009,1,14,88,2,0.021024862,0.11258522,3,0
1011,1,14,88,2,0.02448832,0.19400082,12,0
1013,1,14,88,2,0.013056142,0.14715466,14,0
1017,1,14,88,2,0.02276036,0.099569969,3,1
1030,1,14,88,2,0.004153552,0.12404967,4,0
1045,1,14,88,2,0.005932418,0.10173377,14,0
2005,2,14,88,2,0.087160515,0.11213933,1,0
2008,2,14,88,2,0.005302508,0.11401946,11,0
2015,2,14,88,2,0.002019947,0.11113316,4,1
2016,2,14,88,2,0.011874912,0.13410482,3,1
2019,2,14,88,2,0.065262731,0.11974486,13,0
2026,2,14,88,2,0.005136191,0.15292334,13,0
2028,2,14,88,2,0.058434075,0.1693577,16,1
2040,2,14,88,2,0.00142376,0.15032245,10,0
2048,2,14,88,2,0.003973466,0.12718497,3,0
3006,3,14,88,2,0.017835158,0.12524802,20,1
3014,3,14,88,2,0.00280844,0.17506492,7,0
4002,4,14,88,2,0.014408484,0.15840871,14,0
4010,4,14,88,2,0.024627077,0.096548171,6,0
4012,4,14,88,2,0.012381647,0.1065659,12,0
6018,6,14,88,2,0.075226218,0.13082563,0,0
1004,1,15,88,2,0.005627765,0.086709332,2,1
1006,1,15,88,2,0.12344751,0.13177306,18,1
1007,1,15,88,2,0.027282633,0.10216263,4,1
1009,1,15,88,2,0.022534434,0.085681436,3,0
1011,1,15,88,2,0.011055185,0.16918663,12,0
1013,1,15,88,2,0.002000703,0.13065442,14,0
1017,1,15,88,2,0.002848792,0.16551983,3,1
1030,1,15,88,2,0.009041873,0.12090228,4,0
1045,1,15,88,2,0.009086458,0.13571029,14,0
2005,2,15,88,2,0.001125446,0.16428604,1,0
2008,2,15,88,2,0.006307556,0.088343958,11,0
2015,2,15,88,2,0.001264533,0.12770822,4,1
2016,2,15,88,2,0.018415391,0.13865442,3,1
2019,2,15,88,2,0.088710624,0.11353003,13,0
2026,2,15,88,2,0.00312318,0.16462407,13,0
2028,2,15,88,2,0.007051753,0.20802142,16,1
2040,2,15,88,2,0.008684213,0.12353001,10,0
2048,2,15,88,2,0.002509604,0.13054759,3,0
3006,3,15,88,2,0.005008913,0.11752619,20,1
3014,3,15,88,2,0.005236392,0.13485648,7,0
4002,4,15,88,2,0.008628917,0.18634138,14,0
4010,4,15,88,2,0.010861694,0.091937089,6,0
4012,4,15,88,2,0.029755107,0.11388776,12,0
6018,6,15,88,2,0.009369856,0.13709574,0,0
1004,1,16,88,2,0.012819814,0.097636058,2,1
1006,1,16,88,2,0.13260708,0.10490637,18,1
1007,1,16,88,2,0.032658522,0.11069599,4,1
1009,1,16,88,2,0.023614674,0.079321171,3,0
1011,1,16,88,2,0.009762061,0.15245051,12,0
1013,1,16,88,2,0.040099059,0.11133586,14,0
1017,1,16,88,2,0.015286412,0.14066503,3,1
1030,1,16,88,2,0.003502097,0.11910751,4,0
1045,1,16,88,2,0.004910079,0.14520712,14,0
2005,2,16,88,2,0.069679846,0.13476742,1,0
2008,2,16,88,2,0.029306574,0.096657183,11,0
2015,2,16,88,2,0.01861419,0.06395302,4,1
2016,2,16,88,2,0.066585093,0.13022015,3,1
2019,2,16,88,2,0.020241336,0.094695164,13,0
2026,2,16,88,2,0.001981308,0.14932232,13,0
2028,2,16,88,2,0.016232722,0.15532979,16,1
2040,2,16,88,2,0.004287726,0.14152248,10,0
2048,2,16,88,2,0.003545337,0.11339861,3,0
3006,3,16,88,2,0.017773829,0.13670399,20,1
3014,3,16,88,2,0.012970228,0.15503327,7,0
4002,4,16,88,2,0.01761611,0.12813261,14,0
4010,4,16,88,2,0.007398608,0.10347302,6,0
4012,4,16,88,2,0.021230588,0.077474202,12,0
6018,6,16,88,2,0.022076575,0.1099217,0,0
1004,1,18,88,2,0.012340692,0.074778332,2,1
1006,1,18,88,2,0.053783654,0.116116,18,1
1007,1,18,88,2,0.052515414,0.10462278,4,1
1009,1,18,88,2,0.005382202,0.09848837,3,0
1011,1,18,88,2,0.095128809,0.14701552,12,0
1013,1,18,88,2,0.01241598,0.095688311,14,0
1017,1,18,88,2,0.050656494,0.10333946,3,1
1030,1,18,88,2,0.006216974,0.11429182,4,0
1045,1,18,88,2,0.009910643,0.11870155,14,0
2005,2,18,88,2,0.12431595,0.098284167,1,0
2008,2,18,88,2,0.002402938,0.11943296,11,0
2015,2,18,88,2,0.002179683,0.10826213,4,1
2016,2,18,88,2,0.00821001,0.11855333,3,1
2019,2,18,88,2,0.002406666,0.13168068,13,0
2026,2,18,88,2,0.01880881,0.13265243,13,0
2028,2,18,88,2,0.009355794,0.17879702,16,1
2040,2,18,88,2,0.004766977,0.11048928,10,0
2048,2,18,88,2,0.004007987,0.12585245,3,0
3006,3,18,88,2,0.00632299,0.12469822,20,1
3014,3,18,88,2,0.024359063,0.1124994,7,0
4002,4,18,88,2,0.017553347,0.15677979,14,0
4010,4,18,88,2,0.002713552,0.10087353,6,0
4012,4,18,88,2,0.007088409,0.11427413,12,0
6018,6,18,88,2,0.011834589,0.14266834,0,0
1004,1,20,88,2,0.005037731,0.05822072,2,1
1006,1,20,88,2,0.010861426,0.13205513,18,1
1007,1,20,88,2,0.043616768,0.078194456,4,1
1009,1,20,88,2,0.019452539,0.071307897,3,0
1011,1,20,88,2,0.21153406,0.1626902,12,0
1013,1,20,88,2,0.001286261,0.16270665,14,0
1017,1,20,88,2,0.035927173,0.096925676,3,1
1030,1,20,88,2,0.006480649,0.123392,4,0
1045,1,20,88,2,0.00507115,0.10656951,14,0
2005,2,20,88,2,0.003376336,0.14005409,1,0
2008,2,20,88,2,0.007452355,0.13262187,11,0
2015,2,20,88,2,0.002407066,0.093816544,4,1
2016,2,20,88,2,0.012688169,0.11969615,3,1
2019,2,20,88,2,0.001028165,0.15587637,13,0
2026,2,20,88,2,0.034027246,0.13567959,13,0
2028,2,20,88,2,0.005012418,0.1961216,16,1
2040,2,20,88,2,0.006744413,0.10489132,10,0
2048,2,20,88,2,0.003881423,0.12285401,3,0
3006,3,20,88,2,0.017998102,0.12389469,20,1
3014,3,20,88,2,0.009067892,0.16580308,7,0
4002,4,20,88,2,0.01181399,0.14744577,14,0
4010,4,20,88,2,0.003356184,0.071423134,6,0
4012,4,20,88,2,0.030147078,0.091408833,12,0
6018,6,20,88,2,0.04040606,0.1216321,0,0
1004,1,23,88,2,0.001563976,0.10138789,2,1
1006,1,23,88,2,0.011598944,0.094503603,18,1
1007,1,23,88,2,0.02425502,0.1011048,4,1
1009,1,23,88,2,0.005458222,0.12283438,3,0
1011,1,23,88,2,0.006427056,0.19030456,12,0
1013,1,23,88,2,0.003861585,0.14716353,14,0
1017,1,23,88,2,0.02486545,0.10716598,3,1
1030,1,23,88,2,0.003970462,0.10268686,4,0
1045,1,23,88,2,0.010093971,0.13065219,14,0
2005,2,23,88,2,0.036468792,0.10352947,1,0
2008,2,23,88,2,0.008825094,0.13391202,11,0
2015,2,23,88,2,0.037030404,0.075028932,4,1
2016,2,23,88,2,0.019305556,0.11552193,3,1
2019,2,23,88,2,0.053590151,0.10918843,13,0
2026,2,23,88,2,0.03794929,0.11834867,13,0
2028,2,23,88,2,0.009894623,0.18372276,16,1
2040,2,23,88,2,0.007477337,0.11413473,10,0
2048,2,23,88,2,0.043018382,0.09334309,3,0
3006,3,23,88,2,0.047754014,0.079253931,20,1
3014,3,23,88,2,0.008060733,0.17473303,7,0
4002,4,23,88,2,0.025433179,0.12828471,14,0
4010,4,23,88,2,0.00348142,0.11468514,6,0
4012,4,23,88,2,0.1003139,0.067943985,12,0
6018,6,23,88,2,0.011894177,0.16201824,0,0
1004,1,24,88,2,0.02369031,0.067604397,2,1
1006,1,24,88,2,0.010107086,0.13758774,18,1
1007,1,24,88,2,0.019828526,0.10091871,4,1
1009,1,24,88,2,0.004443062,0.12471131,3,0
1011,1,24,88,2,0.017216536,0.1981851,12,0
1013,1,24,88,2,0.02056895,0.15329305,14,0
1017,1,24,88,2,0.031926733,0.090936362,3,1
1030,1,24,88,2,0.001332877,0.12048271,4,0
1045,1,24,88,2,0.003768124,0.14241293,14,0
2005,2,24,88,2,0.005569031,0.11456291,1,0
2008,2,24,88,2,0.016642547,0.11687802,11,0
2015,2,24,88,2,0.001258667,0.10303356,4,1
2016,2,24,88,2,0.001563843,0.13889435,3,1
2019,2,24,88,2,0.00312409,0.15367159,13,0
2026,2,24,88,2,0.029610222,0.14470975,13,0
2028,2,24,88,2,0.013803983,0.1787348,16,1
2040,2,24,88,2,0.025711326,0.13322259,10,0
2048,2,24,88,2,0.000833415,0.11700051,3,0
3006,3,24,88,2,0.005797535,0.14103219,20,1
3014,3,24,88,2,0.007053481,0.17536058,7,0
4002,4,24,88,2,0.033324389,0.16200003,14,0
4010,4,24,88,2,0.000798451,0.13846518,6,0
4012,4,24,88,2,0.003129136,0.13729742,12,0
6018,6,24,88,2,0.060836924,0.09367915,0,0
1004,1,25,88,2,0.005313655,0.05042885,2,1
1006,1,25,88,2,0.018825631,0.14388484,18,1
1007,1,25,88,2,0.006673098,0.14100563,4,1
1009,1,25,88,2,0.00358389,0.11038754,3,0
1011,1,25,88,2,0.09014672,0.15055784,12,0
1013,1,25,88,2,0.034429977,0.10653664,14,0
1017,1,25,88,2,0.000920579,0.14075149,3,1
1030,1,25,88,2,0.002578524,0.10538049,4,0
1045,1,25,88,2,0.006298582,0.14308664,14,0
2005,2,25,88,2,0.00061274,0.14235426,1,0
2008,2,25,88,2,0.009222766,0.098124525,11,0
2015,2,25,88,2,0.000209121,0.096054684,4,1
2016,2,25,88,2,0.002969876,0.14068393,3,1
2019,2,25,88,2,0.007386681,0.12790027,13,0
2026,2,25,88,2,0.009508527,0.14319849,13,0
2028,2,25,88,2,0.017167135,0.15696363,16,1
2040,2,25,88,2,0.000647775,0.092092183,10,0
2048,2,25,88,2,0.009606324,0.11013099,3,0
3006,3,25,88,2,0.008728062,0.12222611,20,1
3014,3,25,88,2,0.022272899,0.15370549,7,0
4002,4,25,88,2,0.003282041,0.15250164,14,0
4010,4,25,88,2,0.003371056,0.11981822,6,0
4012,4,25,88,2,0.023397082,0.08510837,12,0
6018,6,25,88,2,0.001089515,0.16522971,0,0
1004,1,26,88,2,0.019402745,0.093174913,2,1
1006,1,26,88,2,0.085965721,0.12601473,18,1
1007,1,26,88,2,0.032553891,0.092784899,4,1
1009,1,26,88,2,0.006733415,0.1116248,3,0
1011,1,26,88,2,0.073218514,0.15460518,12,0
1013,1,26,88,2,0.025054288,0.12608888,14,0
1017,1,26,88,2,0.001595184,0.15616322,3,1
1030,1,26,88,2,0.007747024,0.10359054,4,0
1045,1,26,88,2,0.025471229,0.12913157,14,0
2005,2,26,88,2,0.03976085,0.11490035,1,0
2008,2,26,88,2,0.019541919,0.11828256,11,0
2015,2,26,88,2,0.00086888,0.1083307,4,1
2016,2,26,88,2,0.00849708,0.12620714,3,1
2019,2,26,88,2,0.019607475,0.13258676,13,0
2026,2,26,88,2,0.021004809,0.1274241,13,0
2028,2,26,88,2,0.01657102,0.1730769,16,1
2040,2,26,88,2,0.011576799,0.11670279,10,0
2048,2,26,88,2,0.001231134,0.11861399,3,0
3006,3,26,88,2,0.032812515,0.12041713,20,1
3014,3,26,88,2,0.013682638,0.14881139,7,0
4002,4,26,88,2,0.00845782,0.1541751,14,0
4010,4,26,88,2,0.00688692,0.1115808,6,0
4012,4,26,88,2,0.081324799,0.062042074,12,0
6018,6,26,88,2,0.011878908,0.15655993,0,0
1004,1,27,88,2,0.021625783,0.083760031,2,1
1006,1,27,88,2,0.054547625,0.1302072,18,1
1007,1,27,88,2,0.010338959,0.13272636,4,1
1009,1,27,88,2,0.011320284,0.093134884,3,0
1011,1,27,88,2,0.009551845,0.19993258,12,0
1013,1,27,88,2,0.010312799,0.13426832,14,0
1017,1,27,88,2,0.10344689,0.10181207,3,1
1030,1,27,88,2,0.002688666,0.11968734,4,0
1045,1,27,88,2,0.011092823,0.10976,14,0
2005,2,27,88,2,0.036206107,0.11483806,1,0
2008,2,27,88,2,0.047144633,0.11318567,11,0
2015,2,27,88,2,0.001459067,0.11763627,4,1
2016,2,27,88,2,0.007901556,0.17296201,3,1
2019,2,27,88,2,0.04049087,0.094989989,13,0
2026,2,27,88,2,0.01450034,0.13772254,13,0
2028,2,27,88,2,0.037748833,0.17191295,16,1
2040,2,27,88,2,0.011392344,0.10664378,10,0
2048,2,27,88,2,0.005803878,0.11293127,3,0
3006,3,27,88,2,0.006661541,0.13700227,20,1
3014,3,27,88,2,0.022888469,0.14761959,7,0
4002,4,27,88,2,0.027571103,0.16410381,14,0
4010,4,27,88,2,0.006642989,0.12247204,6,0
4012,4,27,88,2,0.00698288,0.13733733,12,0
6018,6,27,88,2,0.020018931,0.13647498,0,0
1004,1,29,88,2,0.003663131,0.1043518,2,1
1006,1,29,88,2,0.060631383,0.13382598,18,1
1007,1,29,88,2,0.004223623,0.14357545,4,1
1009,1,29,88,2,0.020168259,0.10286596,3,0
1011,1,29,88,2,0.025286194,0.18362155,12,0
1013,1,29,88,2,0.044712602,0.10444468,14,0
1017,1,29,88,2,0.036648175,0.09371487,3,1
1030,1,29,88,2,0.008616441,0.14024593,4,0
1045,1,29,88,2,0.003556121,0.12642583,14,0
2005,2,29,88,2,0.0058657,0.11762946,1,0
2008,2,29,88,2,0.010207886,0.1351321,11,0
2015,2,29,88,2,0.003589612,0.10926547,4,1
2016,2,29,88,2,0.008251002,0.14480516,3,1
2019,2,29,88,2,0.010397948,0.11947426,13,0
2026,2,29,88,2,0.037305184,0.1347559,13,0
2028,2,29,88,2,0.013303746,0.16848331,16,1
2040,2,29,88,2,0.010793462,0.11048919,10,0
2048,2,29,88,2,0.027044663,0.10356709,3,0
3006,3,29,88,2,0.017581008,0.12292122,20,1
3014,3,29,88,2,0.005290423,0.14866372,7,0
4002,4,29,88,2,0.10262498,0.14407595,14,0
4010,4,29,88,2,0.003674549,0.080961581,6,0
4012,4,29,88,2,0.01200788,0.1090112,12,0
6018,6,29,88,2,0.00906916,0.15111503,0,0
1004,1,30,88,2,0.009228034,0.11120785,2,1
1006,1,30,88,2,0.040386743,0.10051279,18,1
1007,1,30,88,2,0.010289748,0.15236024,4,1
1009,1,30,88,2,0.001561873,0.12065754,3,0
1011,1,30,88,2,0.035154116,0.1681178,12,0
1013,1,30,88,2,0.003437514,0.15632063,14,0
1017,1,30,88,2,0.003100346,0.13397435,3,1
1030,1,30,88,2,0.031676604,0.10129723,4,0
1045,1,30,88,2,0.017080924,0.14220273,14,0
2005,2,30,88,2,0.021585179,0.12396826,1,0
2008,2,30,88,2,0.007080808,0.11683283,11,0
2015,2,30,88,2,0.042197342,0.091270259,4,1
2016,2,30,88,2,0.006095594,0.16764007,3,1
2019,2,30,88,2,0.026027505,0.12463471,13,0
2026,2,30,88,2,0.005718923,0.1600873,13,0
2028,2,30,88,2,0.055788732,0.18317254,16,1
2040,2,30,88,2,0.008765144,0.11759731,10,0
2048,2,30,88,2,0.003241435,0.12982581,3,0
3006,3,30,88,2,0.009505584,0.14016378,20,1
3014,3,30,88,2,0.07737557,0.09704942,7,0
4002,4,30,88,2,0.019203799,0.17761308,14,0
4010,4,30,88,2,0.005266036,0.12931002,6,0
4012,4,30,88,2,0.016333858,0.10997721,12,0
6018,6,30,88,2,0.004877601,0.1538344,0,0
1004,1,31,88,2,0.003419878,0.077310654,2,1
1006,1,31,88,2,0.0637637,0.086513304,18,1
1007,1,31,88,2,0.046139053,0.10277552,4,1
1009,1,31,88,2,0.001739616,0.12024547,3,0
1011,1,31,88,2,0.009221162,0.16331428,12,0
1013,1,31,88,2,0.062650545,0.11242966,14,0
1017,1,31,88,2,0.011677226,0.11531718,3,1
1030,1,31,88,2,0.001095138,0.13765556,4,0
1045,1,31,88,2,0.002677555,0.11973342,14,0
2005,2,31,88,2,0.04881308,0.10437818,1,0
2008,2,31,88,2,0.08003135,0.091844949,11,0
2015,2,31,88,2,0.005763566,0.11632492,4,1
2016,2,31,88,2,0.016554706,0.13496124,3,1
2019,2,31,88,2,0.007242086,0.13383512,13,0
2026,2,31,88,2,0.049847117,0.13534841,13,0
2028,2,31,88,2,0.072166443,0.14431548,16,1
2040,2,31,88,2,0.000181793,0.17572543,10,0
2048,2,31,88,2,0.002724467,0.12527361,3,0
3006,3,31,88,2,0.060791539,0.12343042,20,1
3014,3,31,88,2,0.02078509,0.10605523,7,0
4002,4,31,88,2,0.002800171,0.20126487,14,0
4010,4,31,88,2,0.000714994,0.14463966,6,0
4012,4,31,88,2,0.02187338,0.11279541,12,0
6018,6,31,88,2,0.006731729,0.12202951,0,0
1004,1,32,88,2,0.015551075,0.065292442,2,1
1006,1,32,88,2,0.007541261,0.13037382,18,1
1007,1,32,88,2,0.012883276,0.11903711,4,1
1009,1,32,88,2,0.019492915,0.097340962,3,0
1011,1,32,88,2,0.054588832,0.13909824,12,0
1013,1,32,88,2,0.010176457,0.12381137,14,0
1017,1,32,88,2,0.007353761,0.12354662,3,1
1030,1,32,88,2,0.001811246,0.11036244,4,0
1045,1,32,88,2,0.002549032,0.16489176,14,0
2005,2,32,88,2,0.022773126,0.11483545,1,0
2008,2,32,88,2,0.017219872,0.10835014,11,0
2015,2,32,88,2,0.000496041,0.12115127,4,1
2016,2,32,88,2,0.028003293,0.14319813,3,1
2019,2,32,88,2,0.031571338,0.082980905,13,0
2026,2,32,88,2,0.014377917,0.15148126,13,0
2028,2,32,88,2,0.020598369,0.17000839,16,1
2040,2,32,88,2,0.006924896,0.10427623,10,0
2048,2,32,88,2,0.002054805,0.12576204,3,0
3006,3,32,88,2,0.00347175,0.13231627,20,1
3014,3,32,88,2,0.011177006,0.13810305,7,0
4002,4,32,88,2,0.031639612,0.1456829,14,0
4010,4,32,88,2,0.004883269,0.14362799,6,0
4012,4,32,88,2,0.004213727,0.093157976,12,0
6018,6,32,88,2,0.026645097,0.11268228,0,0
1004,1,33,88,2,0.010221341,0.082760889,2,1
1006,1,33,88,2,0.028678474,0.11029815,18,1
1007,1,33,88,2,0.046940947,0.10373841,4,1
1009,1,33,88,2,0.002575235,0.12416938,3,0
1011,1,33,88,2,0.008231194,0.19120044,12,0
1013,1,33,88,2,0.013300447,0.1402033,14,0
1017,1,33,88,2,0.005189404,0.15803845,3,1
1030,1,33,88,2,0.005433962,0.12149136,4,0
1045,1,33,88,2,0.003767996,0.15164332,14,0
2005,2,33,88,2,0.037241783,0.12740596,1,0
2008,2,33,88,2,0.008064358,0.12057678,11,0
2015,2,33,88,2,0.003524119,0.10267171,4,1
2016,2,33,88,2,0.05763481,0.1190676,3,1
2019,2,33,88,2,0.021737716,0.11242101,13,0
2026,2,33,88,2,0.026877311,0.15414351,13,0
2028,2,33,88,2,0.005263807,0.21644658,16,1
2040,2,33,88,2,0.004235452,0.12759999,10,0
2048,2,33,88,2,0.004181796,0.12412462,3,0
3006,3,33,88,2,0.008988143,0.12127344,20,1
3014,3,33,88,2,0.017724295,0.16666127,7,0
4002,4,33,88,2,0.005526968,0.14623231,14,0
4010,4,33,88,2,0.002117608,0.12803439,6,0
4012,4,33,88,2,0.001004642,0.12137412,12,0
6018,6,33,88,2,0.00845445,0.17214833,0,0
1004,1,34,88,2,0.010558629,0.10610423,2,1
1006,1,34,88,2,0.066168987,0.10964717,18,1
1007,1,34,88,2,0.017493297,0.10255113,4,1
1009,1,34,88,2,0.02370035,0.082954896,3,0
1011,1,34,88,2,0.029375726,0.17028219,12,0
1013,1,34,88,2,0.002989427,0.12729003,14,0
1017,1,34,88,2,0.013541767,0.097923448,3,1
1030,1,34,88,2,0.004934351,0.11678142,4,0
1045,1,34,88,2,0.032421017,0.11165018,14,0
2005,2,34,88,2,0.10773786,0.12500479,1,0
2008,2,34,88,2,0.013054921,0.1272035,11,0
2015,2,34,88,2,0.002227881,0.093534644,4,1
2016,2,34,88,2,0.031094664,0.13963778,3,1
2019,2,34,88,2,0.020328445,0.11489876,13,0
2026,2,34,88,2,0.023535301,0.10768639,13,0
2028,2,34,88,2,0.026928135,0.16986398,16,1
2040,2,34,88,2,0.001630939,0.11367529,10,0
2048,2,34,88,2,0.006314486,0.087453463,3,0
3006,3,34,88,2,0.022657746,0.12394339,20,1
3014,3,34,88,2,0.019781395,0.13606875,7,0
4002,4,34,88,2,0.002162557,0.16197944,14,0
4010,4,34,88,2,0.00502112,0.10464998,6,0
4012,4,34,88,2,0.004215323,0.12097394,12,0
6018,6,34,88,2,0.038907587,0.1258252,0,0
1004,1,35,88,2,0.004660531,0.10257833,2,1
1006,1,35,88,2,0.13355798,0.068144024,18,1
1007,1,35,88,2,0.088921852,0.078794871,4,1
1009,1,35,88,2,0.010774244,0.082111438,3,0
1011,1,35,88,2,0.02646401,0.17406564,12,0
1013,1,35,88,2,0.007884976,0.13709644,14,0
1017,1,35,88,2,0.015056121,0.1405636,3,1
1030,1,35,88,2,0.02584539,0.12883729,4,0
1045,1,35,88,2,0.019024351,0.1005267,14,0
2005,2,35,88,2,0.075902653,0.082162799,1,0
2008,2,35,88,2,0.024975387,0.10373968,11,0
2015,2,35,88,2,0.003198754,0.096218655,4,1
2016,2,35,88,2,0.012539702,0.10758157,3,1
2019,2,35,88,2,0.038736699,0.095520231,13,0
2026,2,35,88,2,0.005963502,0.14400358,13,0
2028,2,35,88,2,0.046251376,0.15735821,16,1
2040,2,35,88,2,0.007791409,0.11376592,10,0
2048,2,35,88,2,0.005019501,0.11773229,3,0
3006,3,35,88,2,0.018422596,0.11187194,20,1
3014,3,35,88,2,0.039917875,0.13998943,7,0
4002,4,35,88,2,0.00992206,0.1554977,14,0
4010,4,35,88,2,0.023570878,0.068828544,6,0
4012,4,35,88,2,0.006159906,0.10358814,12,0
6018,6,35,88,2,0.011203505,0.17731954,0,0
1004,1,36,88,2,0.030986804,0.065984972,2,1
1006,1,36,88,2,0.001341048,0.14549072,18,1
1007,1,36,88,2,0.003112745,0.099295366,4,1
1009,1,36,88,2,0.00456728,0.13021408,3,0
1011,1,36,88,2,0.01094096,0.17692052,12,0
1013,1,36,88,2,0.004634322,0.12665774,14,0
1017,1,36,88,2,0.099538024,0.11318761,3,1
1030,1,36,88,2,0.00430158,0.10333556,4,0
1045,1,36,88,2,0.003254184,0.1195625,14,0
2005,2,36,88,2,0.03368183,0.098825289,1,0
2008,2,36,88,2,0.019174668,0.088119034,11,0
2015,2,36,88,2,0.002334012,0.077070747,4,1
2016,2,36,88,2,0.003857066,0.13183198,3,1
2019,2,36,88,2,0.026066876,0.078714879,13,0
2026,2,36,88,2,0.022277088,0.12520263,13,0
2028,2,36,88,2,0.003976904,0.18709778,16,1
2040,2,36,88,2,0.005122034,0.11886485,10,0
2048,2,36,88,2,0.001355722,0.15870556,3,0
3006,3,36,88,2,0.006706786,0.135599,20,1
3014,3,36,88,2,0.032440276,0.14644359,7,0
4002,4,36,88,2,0.006762492,0.18578939,14,0
4010,4,36,88,2,0.074862609,0.092225096,6,0
4012,4,36,88,2,0.008809299,0.082350496,12,0
6018,6,36,88,2,0.017695667,0.11835241,0,0
1004,1,37,88,2,0.005251476,0.096327898,2,1
1006,1,37,88,2,0.011037761,0.13569195,18,1
1007,1,37,88,2,0.006119709,0.1426348,4,1
1009,1,37,88,2,0.031749543,0.095971038,3,0
1011,1,37,88,2,0.060179178,0.16904221,12,0
1013,1,37,88,2,0.022169438,0.13611064,14,0
1017,1,37,88,2,0.013493452,0.10241192,3,1
1030,1,37,88,2,0.00184868,0.15706397,4,0
1045,1,37,88,2,0.007772519,0.11279129,14,0
2005,2,37,88,2,0.012116165,0.11272132,1,0
2008,2,37,88,2,0.022086339,0.1013022,11,0
2015,2,37,88,2,0.001886343,0.13384305,4,1
2016,2,37,88,2,0.024301377,0.12016754,3,1
2019,2,37,88,2,0.009393896,0.1328708,13,0
2026,2,37,88,2,0.005054243,0.15706236,13,0
2028,2,37,88,2,0.009224216,0.20254535,16,1
2040,2,37,88,2,0.003737406,0.10082993,10,0
2048,2,37,88,2,0.002280592,0.15615906,3,0
3006,3,37,88,2,0.021180684,0.14593228,20,1
3014,3,37,88,2,0.006197294,0.14598932,7,0
4002,4,37,88,2,0.036040855,0.16303113,14,0
4010,4,37,88,2,0.002861377,0.10613716,6,0
4012,4,37,88,2,0.062601658,0.055646021,12,0
6018,6,37,88,2,0.008738922,0.13807267,0,0
1004,1,38,88,2,0.002107654,0.091807681,2,1
1006,1,38,88,2,0.011450932,0.13223398,18,1
1007,1,38,88,2,0.001744089,0.11976541,4,1
1009,1,38,88,2,0.009430176,0.079335432,3,0
1011,1,38,88,2,0.054705809,0.16041144,12,0
1013,1,38,88,2,0.081111884,0.10959461,14,0
1017,1,38,88,2,0.018267724,0.089071568,3,1
1030,1,38,88,2,0.008477036,0.13006587,4,0
1045,1,38,88,2,0.005214074,0.12402535,14,0
2005,2,38,88,2,0.008332733,0.085621984,1,0
2008,2,38,88,2,0.004094812,0.1344472,11,0
2015,2,38,88,2,0.00067431,0.10852305,4,1
2016,2,38,88,2,0.017701405,0.11830751,3,1
2019,2,38,88,2,0.00616705,0.10180045,13,0
2026,2,38,88,2,0.011427948,0.12717704,13,0
2028,2,38,88,2,0.00835511,0.16431634,16,1
2040,2,38,88,2,0.000449381,0.12060007,10,0
2048,2,38,88,2,0.002017095,0.13559959,3,0
3006,3,38,88,2,0.006890181,0.11461814,20,1
3014,3,38,88,2,0.083623564,0.10520319,7,0
4002,4,38,88,2,0.00431917,0.17670929,14,0
4010,4,38,88,2,0.006250319,0.1121598,6,0
4012,4,38,88,2,0.04381423,0.081707519,12,0
6018,6,38,88,2,0.088209157,0.10085934,0,0
1004,1,39,88,2,0.002480869,0.10871693,2,1
1006,1,39,88,2,0.001778931,0.1805428,18,1
1007,1,39,88,2,0.035692542,0.11810148,4,1
1009,1,39,88,2,0.02055638,0.078799924,3,0
1011,1,39,88,2,0.040930931,0.15000749,12,0
1013,1,39,88,2,0.018874168,0.13124519,14,0
1017,1,39,88,2,0.022997031,0.12414052,3,1
1030,1,39,88,2,0.003676705,0.15159698,4,0
1045,1,39,88,2,0.010121276,0.15190438,14,0
2005,2,39,88,2,0.040168014,0.12509473,1,0
2008,2,39,88,2,0.008574655,0.10611726,11,0
2015,2,39,88,2,0.012871912,0.081512127,4,1
2016,2,39,88,2,0.01032055,0.14242204,3,1
2019,2,39,88,2,0.009085335,0.10749789,13,0
2026,2,39,88,2,0.008357426,0.1543011,13,0
2028,2,39,88,2,0.045471961,0.14765872,16,1
2040,2,39,88,2,0.002671725,0.13279804,10,0
2048,2,39,88,2,0.009584203,0.12341256,3,0
3006,3,39,88,2,0.015640894,0.13653114,20,1
3014,3,39,88,2,0.034999271,0.13786637,7,0
4002,4,39,88,2,0.007252208,0.15808592,14,0
4010,4,39,88,2,0.002225368,0.10427112,6,0
4012,4,39,88,2,0.008277249,0.10469711,12,0
6018,6,39,88,2,0.007378826,0.1466397,0,0
1004,1,40,88,2,0.018749018,0.067636723,2,1
1006,1,40,88,2,0.029686849,0.13563197,18,1
1007,1,40,88,2,0.064096707,0.12174445,4,1
1009,1,40,88,2,0.018331659,0.080493307,3,0
1011,1,40,88,2,0.031604413,0.17079191,12,0
1013,1,40,88,2,0.005040561,0.16323658,14,0
1017,1,40,88,2,0.002378223,0.15297485,3,1
1030,1,40,88,2,0.005059707,0.1331242,4,0
1045,1,40,88,2,0.010923343,0.11709675,14,0
2005,2,40,88,2,0.015074599,0.13448021,1,0
2008,2,40,88,2,0.044781469,0.106398,11,0
2015,2,40,88,2,0.001584136,0.097737734,4,1
2016,2,40,88,2,0.027449002,0.14099145,3,1
2019,2,40,88,2,0.01712441,0.093220675,13,0
2026,2,40,88,2,0.005155722,0.15027403,13,0
2028,2,40,88,2,0.004021229,0.21780959,16,1
2040,2,40,88,2,0.008367908,0.098840555,10,0
2048,2,40,88,2,0.001815925,0.11278826,3,0
3006,3,40,88,2,0.039888061,0.11198677,20,1
3014,3,40,88,2,0.006208926,0.16011239,7,0
4002,4,40,88,2,0.025149159,0.16027616,14,0
4010,4,40,88,2,0.025654476,0.10262509,6,0
4012,4,40,88,2,0.026064088,0.09185437,12,0
6018,6,40,88,2,0.005300584,0.14806263,0,0
1004,1,41,88,2,0.015726726,0.061764246,2,1
1006,1,41,88,2,0.010098689,0.12575921,18,1
1007,1,41,88,2,0.015406836,0.11103413,4,1
1009,1,41,88,2,0.009157397,0.11029859,3,0
1011,1,41,88,2,0.050753736,0.16025048,12,0
1013,1,41,88,2,0.008141123,0.13940379,14,0
1017,1,41,88,2,0.006731691,0.11332419,3,1
1030,1,41,88,2,0.00434,0.13836156,4,0
1045,1,41,88,2,0.023950041,0.12078576,14,0
2005,2,41,88,2,0.038731465,0.089091661,1,0
2008,2,41,88,2,0.015308304,0.091660269,11,0
2015,2,41,88,2,0.005021424,0.097996726,4,1
2016,2,41,88,2,0.032885273,0.13733487,3,1
2019,2,41,88,2,0.011821344,0.10881241,13,0
2026,2,41,88,2,0.002962733,0.11834153,13,0
2028,2,41,88,2,0.052644505,0.17826536,16,1
2040,2,41,88,2,0.007999892,0.1234051,10,0
2048,2,41,88,2,0.000728333,0.14388641,3,0
3006,3,41,88,2,0.008143396,0.13197129,20,1
3014,3,41,88,2,0.054563398,0.14868704,7,0
4002,4,41,88,2,0.022376232,0.12628819,14,0
4010,4,41,88,2,0.007425565,0.097285426,6,0
4012,4,41,88,2,0.038059211,0.081594061,12,0
6018,6,41,88,2,0.015196894,0.12879487,0,0
1004,1,43,88,2,0.01475691,0.068423343,2,1
1006,1,43,88,2,0.007496787,0.1212521,18,1
1007,1,43,88,2,0.062108908,0.099011502,4,1
1009,1,43,88,2,0.011474064,0.1220587,3,0
1011,1,43,88,2,0.04922066,0.17039354,12,0
1013,1,43,88,2,0.063353833,0.13241566,14,0
1017,1,43,88,2,0.036861819,0.10620233,3,1
1030,1,43,88,2,0.010772992,0.10806563,4,0
1045,1,43,88,2,0.007173985,0.14879672,14,0
2005,2,43,88,2,0.035683742,0.10946384,1,0
2008,2,43,88,2,0.09745658,0.085888937,11,0
2015,2,43,88,2,0.017322208,0.10703643,4,1
2016,2,43,88,2,0.012472325,0.17624027,3,1
2019,2,43,88,2,0.012428151,0.14714307,13,0
2026,2,43,88,2,0.016816555,0.1265931,13,0
2028,2,43,88,2,0.019268124,0.18110206,16,1
2040,2,43,88,2,0.001915468,0.13287159,10,0
2048,2,43,88,2,0.003591955,0.13936265,3,0
3006,3,43,88,2,0.002272143,0.14731736,20,1
3014,3,43,88,2,0.074593976,0.14519936,7,0
4002,4,43,88,2,0.005883533,0.16407382,14,0
4010,4,43,88,2,0.003939757,0.097812973,6,0
4012,4,43,88,2,0.004223236,0.10855293,12,0
6018,6,43,88,2,0.046087211,0.12875755,0,0
1004,1,44,88,2,0.008729953,0.063633962,2,1
1006,1,44,88,2,0.034338014,0.1354072,18,1
1007,1,44,88,2,0.027247626,0.10454306,4,1
1009,1,44,88,2,0.006033156,0.10382519,3,0
1011,1,44,88,2,0.035242294,0.21751858,12,0
1013,1,44,88,2,0.005319304,0.17267313,14,0
1017,1,44,88,2,0.008892612,0.13706439,3,1
1030,1,44,88,2,0.000819104,0.13360227,4,0
1045,1,44,88,2,0.004478242,0.15743396,14,0
2005,2,44,88,2,0.008168583,0.11777335,1,0
2008,2,44,88,2,0.007190066,0.12441506,11,0
2015,2,44,88,2,0.000381199,0.10027816,4,1
2016,2,44,88,2,0.002427204,0.13197652,3,1
2019,2,44,88,2,0.024277874,0.098819422,13,0
2026,2,44,88,2,0.002594123,0.19615028,13,0
2028,2,44,88,2,0.005503942,0.19442024,16,1
2040,2,44,88,2,0.005766198,0.097307499,10,0
2048,2,44,88,2,0.006874704,0.12769983,3,0
3006,3,44,88,2,0.009104781,0.13632547,20,1
3014,3,44,88,2,0.028752753,0.12206779,7,0
4002,4,44,88,2,0.024717411,0.15734984,14,0
4010,4,44,88,2,0.003865322,0.15177914,6,0
4012,4,44,88,2,0.003769424,0.11840634,12,0
6018,6,44,88,2,0.01588639,0.16004695,0,0
1004,1,45,88,2,0.016326613,0.063471214,2,1
1006,1,45,88,2,0.027051063,0.12012714,18,1
1007,1,45,88,2,0.13401241,0.092289802,4,1
1009,1,45,88,2,0.01888764,0.10766571,3,0
1011,1,45,88,2,0.024957286,0.17770073,12,0
1013,1,45,88,2,0.020391357,0.1158421,14,0
1017,1,45,88,2,0.025661878,0.08972287,3,1
1030,1,45,88,2,0.00192289,0.14484626,4,0
1045,1,45,88,2,0.005702764,0.16727878,14,0
2005,2,45,88,2,0.050078448,0.093978248,1,0
2008,2,45,88,2,0.001793697,0.12691689,11,0
2015,2,45,88,2,0.002279865,0.11712424,4,1
2016,2,45,88,2,0.035243391,0.12996228,3,1
2019,2,45,88,2,0.018846084,0.14066787,13,0
2026,2,45,88,2,0.015049508,0.13439273,13,0
2028,2,45,88,2,0.021415321,0.16932642,16,1
2040,2,45,88,2,0.006248914,0.13995266,10,0
2048,2,45,88,2,0.004819091,0.11961859,3,0
3006,3,45,88,2,0.061448618,0.095948017,20,1
3014,3,45,88,2,0.003181679,0.16100074,7,0
4002,4,45,88,2,0.014668778,0.16800532,14,0
4010,4,45,88,2,0.053857794,0.084256922,6,0
4012,4,45,88,2,0.024253514,0.11656907,12,0
6018,6,45,88,2,0.019060565,0.14157723,0,0
1004,1,47,88,2,0.003031708,0.10739825,2,1
1006,1,47,88,2,0.007126107,0.14336461,18,1
1007,1,47,88,2,0.069052641,0.11408077,4,1
1009,1,47,88,2,0.013905788,0.085692847,3,0
1011,1,47,88,2,0.001953499,0.20735138,12,0
1013,1,47,88,2,0.003765711,0.13837953,14,0
1017,1,47,88,2,0.04569241,0.12310622,3,1
1030,1,47,88,2,0.001533035,0.1652863,4,0
1045,1,47,88,2,0.004976839,0.14627245,14,0
2005,2,47,88,2,0.049805419,0.10982221,1,0
2008,2,47,88,2,0.086696838,0.10630675,11,0
2015,2,47,88,2,0.045375295,0.058367061,4,1
2016,2,47,88,2,0.006234815,0.12445366,3,1
2019,2,47,88,2,0.029109189,0.12496237,13,0
2026,2,47,88,2,0.020696454,0.1478568,13,0
2028,2,47,88,2,0.007121815,0.1946548,16,1
2040,2,47,88,2,0.00132024,0.14662878,10,0
2048,2,47,88,2,0.002169728,0.17587041,3,0
3006,3,47,88,2,0.012133001,0.10829826,20,1
3014,3,47,88,2,0.012131912,0.14215704,7,0
4002,4,47,88,2,0.010650487,0.18653319,14,0
4010,4,47,88,2,0.004063906,0.12134525,6,0
4012,4,47,88,2,0.11610862,0.077950002,12,0
6018,6,47,88,2,0.005863323,0.1448667,0,0
1004,1,48,88,2,0.00298679,0.072060077,2,1
1006,1,48,88,2,0.10121903,0.10855382,18,1
1007,1,48,88,2,0.010120696,0.092493921,4,1
1009,1,48,88,2,0.001172162,0.1209,3,0
1011,1,48,88,2,0.043933802,0.12809201,12,0
1013,1,48,88,2,0.01647352,0.11723653,14,0
1017,1,48,88,2,0.005395469,0.14466885,3,1
1030,1,48,88,2,0.00710795,0.107957,4,0
1045,1,48,88,2,0.008368085,0.099756851,14,0
2005,2,48,88,2,0.005902591,0.11299734,1,0
2008,2,48,88,2,0.037916994,0.11177837,11,0
2015,2,48,88,2,0.051710865,0.057311791,4,1
2016,2,48,88,2,0.054498823,0.13912966,3,1
2019,2,48,88,2,0.062406285,0.12372754,13,0
2026,2,48,88,2,0.011354039,0.12282833,13,0
2028,2,48,88,2,0.046578569,0.15213496,16,1
2040,2,48,88,2,0.002164041,0.14281983,10,0
2048,2,48,88,2,0.006427944,0.10102961,3,0
3006,3,48,88,2,0.005414413,0.13307772,20,1
3014,3,48,88,2,0.018014596,0.12918583,7,0
4002,4,48,88,2,0.031859033,0.13707181,14,0
4010,4,48,88,2,0.005649225,0.10567754,6,0
4012,4,48,88,2,0.002393822,0.11877735,12,0
6018,6,48,88,2,0.004820032,0.15725495,0,0
1004,1,49,88,2,0.16336827,0.063444787,2,1
1006,1,49,88,2,0.009437738,0.15644829,18,1
1007,1,49,88,2,0.04401413,0.099706237,4,1
1009,1,49,88,2,0.007880857,0.068973042,3,0
1011,1,49,88,2,0.022324411,0.16104744,12,0
1013,1,49,88,2,0.004814791,0.15387164,14,0
1017,1,49,88,2,0.033897664,0.10549318,3,1
1030,1,49,88,2,0.005460155,0.15412759,4,0
1045,1,49,88,2,0.001033399,0.15628031,14,0
2005,2,49,88,2,0.019245449,0.11948026,1,0
2008,2,49,88,2,0.010324056,0.11603807,11,0
2015,2,49,88,2,0.001468756,0.11714251,4,1
2016,2,49,88,2,0.020509794,0.14328997,3,1
2019,2,49,88,2,0.038740264,0.12648175,13,0
2026,2,49,88,2,0.009900766,0.15863661,13,0
2028,2,49,88,2,0.051657997,0.16729845,16,1
2040,2,49,88,2,0.049734867,0.083099376,10,0
2048,2,49,88,2,0.023259792,0.10880116,3,0
3006,3,49,88,2,0.005152009,0.12158044,20,1
3014,3,49,88,2,0.020440557,0.14391736,7,0
4002,4,49,88,2,0.009254702,0.16759294,14,0
4010,4,49,88,2,0.037450585,0.11227959,6,0
4012,4,49,88,2,0.023641556,0.11312552,12,0
6018,6,49,88,2,0.011019756,0.15005811,0,0
1004,1,52,88,2,0.00500895,0.10643852,2,1
1006,1,52,88,2,0.00324313,0.12962047,18,1
1007,1,52,88,2,0.004771817,0.092638253,4,1
1009,1,52,88,2,0.002779003,0.12616103,3,0
1011,1,52,88,2,0.10024188,0.16475312,12,0
1013,1,52,88,2,0.030963298,0.11357372,14,0
1017,1,52,88,2,0.004431257,0.15788906,3,1
1030,1,52,88,2,0.003009477,0.13710947,4,0
1045,1,52,88,2,0.018959364,0.15138574,14,0
2005,2,52,88,2,0.046307421,0.11344232,1,0
2008,2,52,88,2,0.021741836,0.093657606,11,0
2015,2,52,88,2,0.00074544,0.1466036,4,1
2016,2,52,88,2,0.010727068,0.15681118,3,1
2019,2,52,88,2,0.010688266,0.14111042,13,0
2026,2,52,88,2,0.002392321,0.15943786,13,0
2028,2,52,88,2,0.001103479,0.20086359,16,1
2040,2,52,88,2,0.003479385,0.12058971,10,0
2048,2,52,88,2,0.046046465,0.099832887,3,0
3006,3,52,88,2,0.004622738,0.1407916,20,1
3014,3,52,88,2,0.067515155,0.13387432,7,0
4002,4,52,88,2,0.03282948,0.15067051,14,0
4010,4,52,88,2,0.029729267,0.060173476,6,0
4012,4,52,88,2,0.016008988,0.093054478,12,0
6018,6,52,88,2,0.019041677,0.11166055,0,0
1004,1,53,88,2,0.002458063,0.066451409,2,1
1006,1,53,88,2,0.012248087,0.11345904,18,1
1007,1,53,88,2,0.014551441,0.1119052,4,1
1009,1,53,88,2,0.013200897,0.10490965,3,0
1011,1,53,88,2,0.075953065,0.19812025,12,0
1013,1,53,88,2,0.009247427,0.12553352,14,0
1017,1,53,88,2,0.007658861,0.13372558,3,1
1030,1,53,88,2,0.011121787,0.13246519,4,0
1045,1,53,88,2,0.051901234,0.12191541,14,0
2005,2,53,88,2,0.008617108,0.11076261,1,0
2008,2,53,88,2,0.007185947,0.10036059,11,0
2015,2,53,88,2,0.002247133,0.091413311,4,1
2016,2,53,88,2,0.010279515,0.14248844,3,1
2019,2,53,88,2,0.006536151,0.13778077,13,0
2026,2,53,88,2,0.032133209,0.12518715,13,0
2028,2,53,88,2,0.006315063,0.17525729,16,1
2040,2,53,88,2,0.009001348,0.13425434,10,0
2048,2,53,88,2,0.009384272,0.11829157,3,0
3006,3,53,88,2,0.022367906,0.11960529,20,1
3014,3,53,88,2,0.0276218,0.15831787,7,0
4002,4,53,88,2,0.023768246,0.14617432,14,0
4010,4,53,88,2,0.002594494,0.13551259,6,0
4012,4,53,88,2,0.002062438,0.12994509,12,0
6018,6,53,88,2,0.007277422,0.11445802,0,0
1004,1,54,88,2,0.00038821,0.077127273,2,1
1006,1,54,88,2,0.010140868,0.10472865,18,1
1007,1,54,88,2,0.006571317,0.093455993,4,1
1009,1,54,88,2,0.002590029,0.10115062,3,0
1011,1,54,88,2,0.010724161,0.19022822,12,0
1013,1,54,88,2,0.015165118,0.1358813,14,0
1017,1,54,88,2,0.003519429,0.11433527,3,1
1030,1,54,88,2,0.000491031,0.17476292,4,0
1045,1,54,88,2,0.013674316,0.11349171,14,0
2005,2,54,88,2,0.002851776,0.12113123,1,0
2008,2,54,88,2,0.003448489,0.12783665,11,0
2015,2,54,88,2,0.001804866,0.069908672,4,1
2016,2,54,88,2,0.001133819,0.16296967,3,1
2019,2,54,88,2,0.043567429,0.11665484,13,0
2026,2,54,88,2,0.008216078,0.13504859,13,0
2028,2,54,88,2,0.011558031,0.16175945,16,1
2040,2,54,88,2,0.002119135,0.13565462,10,0
2048,2,54,88,2,0.002249527,0.16037068,3,0
3006,3,54,88,2,0.040414204,0.12947375,20,1
3014,3,54,88,2,0.002171002,0.16591186,7,0
4002,4,54,88,2,0.005060702,0.18141754,14,0
4010,4,54,88,2,0.001739356,0.1230677,6,0
4012,4,54,88,2,0.030043764,0.12881141,12,0
6018,6,54,88,2,0.001734211,0.16322733,0,0
1004,1,55,88,2,0.025446506,0.091881577,2,1
1006,1,55,88,2,0.029837179,0.10453392,18,1
1007,1,55,88,2,0.007056348,0.13122206,4,1
1009,1,55,88,2,0.022116094,0.1154862,3,0
1011,1,55,88,2,0.031631428,0.16470267,12,0
1013,1,55,88,2,0.031101078,0.088141396,14,0
1017,1,55,88,2,0.01516801,0.098789153,3,1
1030,1,55,88,2,0.001057755,0.17225512,4,0
1045,1,55,88,2,0.00328086,0.14440619,14,0
2005,2,55,88,2,0.019483115,0.15404485,1,0
2008,2,55,88,2,0.014003187,0.099064363,11,0
2015,2,55,88,2,0.00302109,0.11131321,4,1
2016,2,55,88,2,0.011159872,0.14678,3,1
2019,2,55,88,2,0.000758617,0.13676768,13,0
2026,2,55,88,2,0.022125113,0.1416369,13,0
2028,2,55,88,2,0.032323123,0.17886817,16,1
2040,2,55,88,2,0.002306908,0.14014938,10,0
2048,2,55,88,2,0.000926568,0.11248321,3,0
3006,3,55,88,2,0.004038003,0.13289497,20,1
3014,3,55,88,2,0.021391245,0.15295302,7,0
4002,4,55,88,2,0.021269187,0.15127536,14,0
4010,4,55,88,2,0.012828141,0.066690276,6,0
4012,4,55,88,2,0.047486008,0.093828276,12,0
6018,6,55,88,2,0.014485178,0.12424199,0,0
1004,1,56,88,2,0.034622606,0.065898263,2,1
1006,1,56,88,2,0.006121807,0.12911833,18,1
1007,1,56,88,2,0.09426492,0.12179494,4,1
1009,1,56,88,2,0.023585344,0.10231253,3,0
1011,1,56,88,2,0.009389149,0.16137419,12,0
1013,1,56,88,2,0.001398187,0.13019537,14,0
1017,1,56,88,2,0.015223791,0.14763754,3,1
1030,1,56,88,2,0.018384374,0.10999195,4,0
1045,1,56,88,2,0.012326606,0.12180669,14,0
2005,2,56,88,2,0.035541549,0.11283896,1,0
2008,2,56,88,2,0.01317817,0.12828696,11,0
2015,2,56,88,2,0.009935882,0.092091253,4,1
2016,2,56,88,2,0.03220599,0.13969238,3,1
2019,2,56,88,2,0.034143352,0.11666246,13,0
2026,2,56,88,2,0.021251683,0.12801265,13,0
2028,2,56,88,2,0.012091347,0.1720291,16,1
2040,2,56,88,2,0.010628911,0.092994889,10,0
2048,2,56,88,2,0.019844433,0.13611234,3,0
3006,3,56,88,2,0.00123977,0.14737411,20,1
3014,3,56,88,2,0.019798343,0.15174612,7,0
4002,4,56,88,2,0.010446402,0.15692765,14,0
4010,4,56,88,2,0.004625881,0.11321067,6,0
4012,4,56,88,2,0.00834137,0.09473556,12,0
6018,6,56,88,2,0.017656358,0.15004822,0,0
1004,1,58,88,2,0.007054946,0.10333305,2,1
1006,1,58,88,2,0.10350537,0.11172033,18,1
1007,1,58,88,2,0.025818932,0.093291932,4,1
1009,1,58,88,2,0.003911492,0.11761725,3,0
1011,1,58,88,2,0.041224366,0.15737516,12,0
1013,1,58,88,2,0.015539934,0.13608569,14,0
1017,1,58,88,2,0.005928818,0.11537306,3,1
1030,1,58,88,2,0.016293159,0.11581992,4,0
1045,1,58,88,2,0.00946349,0.14312152,14,0
2005,2,58,88,2,0.006598044,0.15837708,1,0
2008,2,58,88,2,0.033932127,0.091399521,11,0
2015,2,58,88,2,0.00969645,0.086485817,4,1
2016,2,58,88,2,0.013089783,0.13241888,3,1
2019,2,58,88,2,0.014723529,0.11358247,13,0
2026,2,58,88,2,0.043486191,0.11033489,13,0
2028,2,58,88,2,0.011730357,0.18161097,16,1
2040,2,58,88,2,0.00100926,0.15006509,10,0
2048,2,58,88,2,0.026793568,0.11660273,3,0
3006,3,58,88,2,0.011475419,0.1296264,20,1
3014,3,58,88,2,0.10041023,0.12156536,7,0
4002,4,58,88,2,0.009581358,0.17097632,14,0
4010,4,58,88,2,0.003863865,0.099831417,6,0
4012,4,58,88,2,0.090639015,0.085772265,12,0
6018,6,58,88,2,0.009876546,0.15213154,0,0
1004,1,61,88,2,0.003921795,0.0872836,2,1
1006,1,61,88,2,0.01848188,0.10089056,18,1
1007,1,61,88,2,0.014498865,0.11243946,4,1
1009,1,61,88,2,0.032599172,0.084303598,3,0
1011,1,61,88,2,0.024596926,0.18382979,12,0
1013,1,61,88,2,0.010756271,0.11404304,14,0
1017,1,61,88,2,0.007963489,0.12681668,3,1
1030,1,61,88,2,0.009878768,0.13207143,4,0
1045,1,61,88,2,0.004902361,0.1193986,14,0
2005,2,61,88,2,0.034030905,0.096484897,1,0
2008,2,61,88,2,0.043655433,0.12674601,11,0
2015,2,61,88,2,0.00063024,0.11423157,4,1
2016,2,61,88,2,0.021824978,0.13207929,3,1
2019,2,61,88,2,0.007041172,0.11958874,13,0
2026,2,61,88,2,0.004572791,0.172215,13,0
2028,2,61,88,2,0.050658894,0.17826474,16,1
2040,2,61,88,2,0.008050352,0.11626368,10,0
2048,2,61,88,2,0.020753912,0.11164496,3,0
3006,3,61,88,2,0.015082588,0.086012102,20,1
3014,3,61,88,2,0.044233417,0.14066584,7,0
4002,4,61,88,2,0.007205639,0.1547994,14,0
4010,4,61,88,2,0.003446819,0.10241636,6,0
4012,4,61,88,2,0.046503338,0.10714539,12,0
6018,6,61,88,2,0.005678677,0.13775151,0,0
1004,1,63,88,2,0.011203353,0.071012173,2,1
1006,1,63,88,2,0.016034899,0.13360546,18,1
1007,1,63,88,2,0.034929074,0.10274942,4,1
1009,1,63,88,2,0.020100488,0.099729011,3,0
1011,1,63,88,2,0.077286059,0.15384456,12,0
1013,1,63,88,2,0.029341675,0.1038566,14,0
1017,1,63,88,2,0.034403613,0.094145269,3,1
1030,1,63,88,2,0.007271667,0.11545676,4,0
1045,1,63,88,2,0.004167575,0.13209609,14,0
2005,2,63,88,2,0.015654553,0.095742716,1,0
2008,2,63,88,2,0.028188976,0.095555016,11,0
2015,2,63,88,2,0.002874126,0.12093391,4,1
2016,2,63,88,2,0.18361148,0.12176605,3,1
2019,2,63,88,2,0.040701616,0.093311046,13,0
2026,2,63,88,2,0.032818953,0.11775256,13,0
2028,2,63,88,2,0.010742324,0.16806392,16,1
2040,2,63,88,2,0.002803757,0.12864169,10,0
2048,2,63,88,2,0.000484759,0.15737511,3,0
3006,3,63,88,2,0.022660557,0.12346198,20,1
3014,3,63,88,2,0.006454597,0.16549341,7,0
4002,4,63,88,2,0.002674489,0.17842394,14,0
4010,4,63,88,2,0.003746639,0.12459359,6,0
4012,4,63,88,2,0.008824277,0.12237695,12,0
6018,6,63,88,2,0.012565503,0.16262213,0,0
1004,1,65,88,2,0.004023212,0.074707473,2,1
1006,1,65,88,2,0.03777706,0.1253861,18,1
1007,1,65,88,2,0.082024888,0.065653788,4,1
1009,1,65,88,2,0.005761819,0.11236281,3,0
1011,1,65,88,2,0.007631439,0.18054142,12,0
1013,1,65,88,2,0.03105178,0.12604283,14,0
1017,1,65,88,2,0.012393746,0.10769886,3,1
1030,1,65,88,2,0.004393589,0.12028928,4,0
1045,1,65,88,2,0.00999031,0.10077438,14,0
2005,2,65,88,2,0.019804134,0.12919234,1,0
2008,2,65,88,2,0.005947385,0.10483916,11,0
2015,2,65,88,2,0.00273714,0.092967046,4,1
2016,2,65,88,2,0.010787434,0.15569372,3,1
2019,2,65,88,2,0.004352001,0.15717242,13,0
2026,2,65,88,2,0.005130794,0.11866408,13,0
2028,2,65,88,2,0.016570704,0.18323986,16,1
2040,2,65,88,2,0.000949209,0.1571304,10,0
2048,2,65,88,2,0.01428702,0.12674458,3,0
3006,3,65,88,2,0.009393811,0.12672686,20,1
3014,3,65,88,2,0.024701858,0.12608566,7,0
4002,4,65,88,2,0.007913714,0.1991672,14,0
4010,4,65,88,2,0.002229183,0.13701741,6,0
4012,4,65,88,2,0.011462669,0.10017433,12,0
6018,6,65,88,2,0.026208321,0.12755747,0,0
